driver_id,driver_full_name,races,podiums,pole_positions,fastest_laps,p1,p2,p3,p4,p5,p6,p7,p8,p9,p10,p11,p12,p13,p14,p15,p16,p17,p18,p19,p20,p21plus,disqualified,excluded,failed_to_qualify,not_classified,retired,withdrew
19,Anthony Davidson,24,0,0,0,0,0,0,0,0,0,0,0,0,0,3,1,0,3,1,5,2,4,2,2,1,0,0,0,0,10,0
21,Giancarlo Fisichella,231,19,4,1,3,7,9,14,14,17,11,13,18,10,15,12,11,11,8,5,12,10,9,8,14,1,0,1,0,66,1
22,Rubens Barrichello,326,68,14,6,11,29,28,20,18,13,14,8,12,20,13,17,14,12,16,10,11,13,15,12,20,2,0,1,0,91,3
27,Christijan Albers,46,0,0,0,0,0,0,0,1,0,0,0,0,1,3,3,4,6,7,5,3,2,3,1,7,1,0,0,1,16,0
40,Patrick Friesacher,11,0,0,0,0,0,0,0,0,1,0,0,0,0,0,1,0,0,0,2,3,2,1,1,0,0,0,0,0,6,0
42,Antônio Pizzonia,20,0,0,0,0,0,0,0,0,0,4,0,1,3,0,0,3,2,1,1,1,1,2,1,0,0,0,0,0,9,0
86,Giovanni Lavaggi,10,0,0,,0,0,0,0,0,0,0,0,0,1,0,0,1,0,1,1,1,0,0,3,2,0,0,3,0,5,0
88,Aguri Suzuki,88,1,0,,0,0,1,0,0,4,3,4,2,3,2,3,2,2,1,5,2,4,4,2,44,0,0,22,0,40,1
109,Jyrki Järvilehto,70,1,0,,0,0,1,1,1,1,4,5,6,3,4,5,3,2,3,2,2,3,2,2,20,0,0,8,1,33,0
118,Derek Warwick,162,4,0,,0,2,2,8,9,9,9,3,6,11,7,2,5,6,5,7,5,6,7,11,42,0,0,14,0,80,1
126,Toshio Suzuki,2,0,0,,0,0,0,0,0,0,0,0,0,0,0,1,0,1,0,0,0,0,0,0,0,0,0,0,0,0,0
204,Riccardo Paletti,8,0,0,,0,0,0,0,0,0,0,0,0,1,0,0,0,0,0,0,0,0,0,0,7,0,0,5,0,3,0
209,Geoff Lees,12,0,0,,0,0,0,0,0,0,1,0,0,0,0,1,1,0,0,0,0,1,0,0,8,0,0,7,0,2,0
212,Hector Rebaque,58,0,0,,0,0,0,3,1,2,2,0,2,2,2,4,1,2,0,2,3,5,1,1,25,0,0,17,0,26,0
219,Jean-Pierre Jabouille,55,2,6,,2,0,0,1,0,0,0,1,0,3,0,3,1,4,8,2,2,5,3,2,18,0,0,5,3,36,1
225,Dave Kennedy,7,0,0,,0,0,0,0,0,0,0,0,0,0,0,0,0,0,0,0,0,0,0,0,7,0,0,7,0,0,0
227,Tiff Needell,2,0,0,,0,0,0,0,0,0,0,0,0,0,0,0,0,0,0,0,0,0,0,1,1,0,0,1,0,1,0
229,Harald Ertl,29,0,0,,0,0,0,0,0,0,1,3,2,0,1,0,1,0,1,3,0,3,1,0,13,0,0,9,0,8,1
241,Lamberto Leoni,5,0,0,,0,0,0,0,0,0,0,0,0,0,0,0,0,0,0,0,0,0,0,0,5,0,0,3,0,2,0
242,Divina Galica,3,0,0,,0,0,0,0,0,0,0,0,0,0,0,0,0,0,0,0,0,0,0,0,3,0,0,3,0,0,0
252,Tom Pryce,42,2,1,,0,0,2,3,0,4,2,5,4,2,2,2,0,3,1,1,0,2,1,2,6,0,0,0,3,17,0
253,Ingo Hoffmann,6,0,0,,0,0,0,0,0,0,1,0,0,0,1,0,0,0,0,0,1,0,0,0,3,0,0,3,0,1,0
268,Hans Heyer,1,0,0,,0,0,0,0,0,0,0,0,0,0,0,0,0,0,0,0,0,0,0,0,1,0,0,1,0,0,0
277,Michel Leclère,8,0,0,,0,0,0,0,0,0,0,0,0,1,2,0,2,0,0,0,0,0,0,2,1,0,0,1,0,2,0
283,Mike Wilds,8,0,0,,0,0,0,0,0,0,0,0,0,0,0,0,0,1,0,0,0,1,0,0,6,0,0,5,1,2,0
273,Kazuyoshi Hoshino,2,0,0,,0,0,0,0,0,0,0,0,0,0,1,0,0,0,0,0,0,0,1,0,0,0,0,0,0,1,0
289,Graham Hill,179,36,13,,14,15,7,9,7,9,7,7,11,8,6,12,8,9,6,14,5,7,4,5,9,0,0,2,3,71,1
297,Torsten Palm,2,0,0,,0,0,0,0,0,0,0,0,0,1,0,0,0,0,0,0,0,0,0,0,1,0,0,1,0,0,0
294,Tony Brise,10,0,0,,0,0,0,0,0,1,3,0,0,0,0,0,1,0,2,0,0,0,2,0,1,0,0,0,0,4,0
305,Mike Hailwood,51,2,0,,0,1,1,5,1,2,3,5,2,2,0,1,0,3,3,2,4,0,3,4,9,0,0,0,0,23,1
319,José Dolhem,3,0,0,,0,0,0,0,0,0,0,0,0,0,0,0,0,0,0,0,0,0,0,0,3,0,0,2,0,0,1
326,Eppie Wietzes,2,0,0,,0,0,0,0,0,0,0,0,0,0,0,0,1,0,0,0,0,0,0,0,1,1,0,0,0,1,0
330,Nanni Galli,17,0,0,,0,0,0,0,0,0,0,0,1,0,2,2,1,0,0,1,1,0,3,0,6,0,0,1,0,9,0
328,Jackie Stewart,100,43,17,,27,11,5,6,5,3,2,1,3,2,3,5,4,7,3,1,2,6,0,0,4,0,0,0,0,36,1
336,Graham McRae,1,0,0,,0,0,0,0,0,0,0,0,0,0,0,0,0,0,0,0,0,0,0,0,1,0,0,0,0,1,0
338,David Walker,11,0,0,,0,0,0,0,0,0,0,0,1,1,0,0,0,2,0,1,0,1,1,0,4,1,0,0,0,5,0
341,John Surtees,112,24,8,,6,10,8,5,8,5,5,4,5,2,7,2,2,4,9,4,9,5,4,2,6,1,0,0,1,55,1
349,Max Jean,1,0,0,,0,0,0,0,0,0,0,0,0,0,0,0,0,1,0,0,0,0,0,0,0,0,0,0,1,0,0
352,George Eaton,13,0,0,,0,0,0,0,0,0,0,0,0,2,1,1,0,3,1,1,0,0,1,0,3,0,0,2,0,7,0
365,Hubert Hahne,3,0,0,,0,0,0,0,0,0,0,0,0,1,0,0,0,0,0,0,1,0,0,0,1,0,0,1,0,1,0
323,Dieter Quester,1,0,0,,0,0,0,0,0,0,0,0,1,0,0,0,0,0,0,0,0,0,0,0,0,0,0,0,0,0,0
368,Sam Tingle,6,0,0,,0,0,0,0,0,0,0,1,1,0,0,0,1,0,1,0,0,0,0,1,1,0,0,0,0,3,1
399,John Taylor,5,0,0,,0,0,0,0,0,1,0,2,0,0,0,0,0,1,0,0,0,1,0,0,0,0,0,0,0,1,0
421,Alan Rollinson,1,0,0,,0,0,0,0,0,0,0,0,0,0,0,0,0,0,0,0,0,0,0,0,1,0,0,1,0,0,0
429,André Pilette,15,0,0,,0,0,0,0,1,3,0,0,1,0,2,0,0,0,1,0,0,0,0,1,6,0,0,4,0,2,2
408,Tony Maggs,27,3,0,,0,2,1,1,2,3,4,0,2,0,2,2,2,0,1,0,2,1,0,0,2,0,0,0,0,7,2
434,Hap Sharp,6,0,0,,0,0,0,0,0,0,1,0,0,2,1,0,1,0,0,0,0,0,1,0,0,0,0,0,1,1,0
435,Willy Mairesse,12,1,0,,0,0,1,1,0,0,1,0,1,0,1,0,1,0,0,0,3,1,0,1,1,0,0,0,0,9,0
436,John Campbell-Jones,5,0,0,,0,0,0,0,0,0,0,0,0,0,1,0,1,0,0,0,0,0,0,1,2,0,0,0,0,0,3
437,Ian Burgess,26,0,0,,0,0,0,0,0,1,1,0,0,1,1,2,1,3,1,0,2,2,1,0,10,0,0,2,0,7,8
450,Ernie de Vos,1,0,0,,0,0,0,0,0,0,0,0,0,0,0,0,0,0,0,0,0,0,0,0,1,0,0,0,0,0,1
457,Ben Pon,1,0,0,,0,0,0,0,0,0,0,0,0,0,0,0,0,0,0,0,0,0,0,1,0,0,0,0,0,1,0
470,Timmy Mayer,1,0,0,,0,0,0,0,0,0,0,0,0,0,0,0,0,0,0,1,0,0,0,0,0,0,0,0,0,1,0
492,Menato Boffa,1,0,0,,0,0,0,0,0,0,0,0,0,0,0,0,0,0,0,0,0,0,0,0,1,0,0,0,0,0,1
549,Ivor Bueb,6,0,0,,0,0,0,0,0,0,0,1,0,0,2,0,1,0,0,0,2,0,0,0,0,0,0,1,0,2,0
551,Maria de Filippis,5,0,0,,0,0,0,0,0,0,0,1,0,1,0,0,0,0,1,0,0,0,0,0,2,0,0,2,0,2,0
558,Al Keller,5,0,0,,0,0,0,0,0,0,0,0,0,0,1,0,0,1,0,0,0,1,0,0,2,0,0,0,0,3,0
525,Jimmy Bryan,9,3,0,,1,1,1,0,0,1,0,0,0,0,0,0,0,1,0,0,0,0,2,0,2,0,0,0,0,2,0
568,Azdrubal Fontes,1,0,0,,0,0,0,0,0,0,0,0,0,0,0,0,0,0,0,0,0,0,0,0,1,0,0,0,0,0,1
407,David Prophet,2,0,0,,0,0,0,0,0,0,0,0,0,0,0,0,0,1,0,1,0,0,0,0,0,0,0,0,0,1,0
468,Roger Penske,2,0,0,,0,0,0,0,0,0,0,1,1,0,0,0,0,0,0,0,0,0,0,0,0,0,0,0,0,0,0
521,Chuck Stevenson,7,0,0,,0,0,0,0,0,0,0,0,1,0,0,1,0,0,1,0,0,1,0,1,2,0,0,0,0,3,0
530,Wayne Weiler,1,0,0,,0,0,0,0,0,0,0,0,0,0,0,0,0,0,0,0,0,0,0,0,1,0,0,0,0,0,0
585,Paul Emery,2,0,0,,0,0,0,0,0,0,0,0,0,0,0,0,0,0,0,0,0,0,0,0,2,0,0,1,0,1,0
589,Louis Chiron,17,1,0,,0,0,1,0,0,2,1,0,1,2,0,0,1,0,2,0,0,3,1,1,2,0,0,1,0,8,1
608,Eugenio Castellotti,17,3,3,,0,2,1,1,1,1,0,1,0,1,4,2,0,1,0,0,0,0,1,0,1,0,0,0,0,9,0
633,Luigi Villoresi,35,8,1,,0,2,6,2,3,4,0,2,0,1,2,1,2,0,1,1,1,0,2,2,3,0,0,0,0,15,2
660,Johnny Claes,25,0,0,,0,0,0,0,0,0,2,2,0,2,4,3,4,2,0,1,1,1,0,0,3,0,0,1,1,9,1
666,Tony Rolt,3,0,0,,0,0,0,0,0,0,0,0,0,0,0,1,0,0,0,0,0,0,1,1,0,0,0,0,0,3,0
670,Onofre Marimón,12,2,0,,0,0,2,0,0,0,0,0,1,1,1,2,0,1,0,0,0,0,2,0,2,0,0,0,0,8,1
685,John Riseley-Prichard,1,0,0,,0,0,0,0,0,0,0,0,0,0,0,0,0,0,0,0,0,0,0,0,1,0,0,0,0,1,0
687,Peter Whitehead,12,1,0,,0,0,1,0,0,0,1,0,2,1,0,0,0,0,1,1,0,0,1,1,3,0,0,1,0,5,1
708,Duncan Hamilton,5,0,0,,0,0,0,0,0,0,1,0,0,0,0,1,0,0,1,0,0,0,0,0,2,0,0,0,0,3,0
711,Oswald Karch,1,0,0,,0,0,0,0,0,0,0,0,0,0,0,0,0,0,0,0,0,0,0,0,1,0,0,0,0,1,0
713,Theo Fitzau,1,0,0,,0,0,0,0,0,0,0,0,0,0,0,0,0,0,0,0,0,0,0,0,1,0,0,0,0,1,0
704,Yves Cabantous,13,0,0,,0,0,0,1,1,0,1,2,0,1,0,1,0,2,1,0,1,2,0,0,0,0,0,0,0,5,0
768,Mauri Rose,2,1,0,,0,0,1,0,0,0,0,0,0,0,0,0,0,1,0,0,0,0,0,0,0,0,0,0,0,1,0
769,Bill Mackey,1,0,0,,0,0,0,0,0,0,0,0,0,0,0,0,0,0,0,0,0,0,1,0,0,0,0,0,0,1,0
630,Duke Dinsmore,4,0,0,,0,0,0,0,0,0,0,0,0,0,0,0,0,0,0,1,1,0,0,0,2,0,0,0,0,2,0
728,Joe James,2,0,0,,0,0,0,0,0,0,0,0,0,0,0,0,1,0,0,0,0,0,0,0,1,0,0,0,0,1,0
781,Ken Richardson,1,0,0,,0,0,0,0,0,0,0,0,0,0,0,0,0,0,0,0,0,0,0,0,1,0,0,0,0,0,1
783,Georges Grignard,1,0,0,,0,0,0,0,0,0,0,0,0,0,0,0,0,0,0,1,0,0,0,0,0,0,0,0,0,1,0
810,Lucas di Grassi,19,0,0,0,0,0,0,0,0,0,0,0,0,0,0,0,0,1,1,1,2,2,4,2,6,0,0,0,1,8,0
572,Harry Blanchard,1,0,0,,0,0,0,0,0,0,1,0,0,0,0,0,0,0,0,0,0,0,0,0,0,0,0,0,0,0,0
695,Oscar Gálvez,1,0,0,,0,0,0,0,1,0,0,0,0,0,0,0,0,0,0,0,0,0,0,0,0,0,0,0,0,0,0
727,Jim Rigsby,1,0,0,,0,0,0,0,0,0,0,0,0,0,0,1,0,0,0,0,0,0,0,0,0,0,0,0,0,0,0
59,Enrique Bernoldi,29,0,0,,0,0,0,0,0,0,0,1,1,1,1,4,2,3,2,1,1,1,1,6,4,1,0,1,0,18,0
70,Alessandro Zanardi,44,0,0,,0,0,0,0,0,1,2,3,3,2,3,2,2,3,2,1,2,1,3,1,13,0,0,2,0,23,1
140,Stefan Johansson,103,12,0,,0,4,8,7,4,3,4,3,3,3,3,2,2,2,5,2,1,2,2,0,43,4,0,24,0,31,0
138,Satoru Nakajima,80,0,0,,0,0,0,2,2,6,5,6,2,4,4,1,2,2,4,1,2,2,3,5,27,0,0,5,2,37,1
149,Claudio Langes,14,0,0,,0,0,0,0,0,0,0,0,0,0,0,0,0,0,0,0,0,0,0,0,14,0,0,14,0,0,0
185,Stefan Bellof,22,0,0,,0,0,0,1,0,1,1,1,1,2,3,0,2,2,1,1,0,0,0,0,6,12,0,1,0,2,0
815,Sergio Pérez,275,39,3,12,6,17,16,19,17,19,29,22,18,20,22,8,6,4,7,7,9,6,5,8,10,1,0,0,0,27,2
817,Daniel Ricciardo,255,32,3,16,8,6,18,24,16,16,14,9,13,11,12,15,19,7,11,9,10,11,13,8,5,2,0,0,1,36,0
819,Charles Pic,39,0,0,0,0,0,0,0,0,0,0,0,0,0,0,1,0,2,4,5,4,4,5,9,5,0,0,0,0,9,0
820,Max Chilton,35,0,0,0,0,0,0,0,0,0,0,0,0,0,0,0,2,2,1,4,10,1,8,2,5,0,0,0,0,3,0
827,André Lotterer,1,0,0,0,0,0,0,0,0,0,0,0,0,0,0,0,0,0,0,0,0,0,0,0,1,0,0,0,0,1,0
832,Carlos Sainz,200,23,5,4,3,5,15,9,22,25,13,21,10,10,9,7,5,5,1,6,6,5,11,11,1,0,0,0,0,35,2
839,Esteban Ocon,149,3,0,0,1,1,1,3,5,12,11,17,18,15,6,6,6,10,5,6,3,10,7,4,2,1,0,0,0,22,0
852,Yuki Tsunoda,82,0,0,1,0,0,0,1,0,1,4,4,4,10,4,6,5,8,10,4,4,2,7,8,0,0,0,0,0,13,1
858,Logan Sargeant,36,0,0,0,0,0,0,0,0,0,0,0,0,1,3,1,2,2,1,7,7,3,1,8,0,0,0,0,0,7,0
9,Robert Kubica,99,12,1,1,1,5,6,7,9,4,7,6,6,2,4,1,4,4,2,5,7,8,6,2,3,1,0,0,0,13,0
10,Timo Glock,95,3,0,1,0,2,1,3,0,2,5,1,4,4,4,3,1,5,7,6,6,10,8,7,16,0,0,0,1,16,4
12,Nelson Piquet Jr.,28,1,0,0,0,1,0,1,0,1,1,1,0,2,2,4,2,0,1,3,3,0,2,4,0,0,0,0,0,11,0
1,Lewis Hamilton,348,201,104,66,105,56,40,30,27,13,13,8,11,3,0,4,3,1,1,2,2,5,10,5,9,2,0,0,0,27,0
35,Jacques Villeneuve,165,23,13,0,11,5,7,10,6,10,9,12,8,10,8,10,4,10,9,9,8,2,7,6,4,1,0,0,0,55,1
36,Franck Montagny,7,0,0,0,0,0,0,0,0,0,0,0,0,0,0,0,0,0,0,2,1,1,0,1,2,0,0,0,0,4,0
39,Narain Karthikeyan,48,0,0,0,0,0,0,1,0,0,0,0,0,0,2,2,1,2,5,2,2,4,4,3,20,0,0,2,0,13,0
46,Gianmaria Bruni,18,0,0,0,0,0,0,0,0,0,0,0,0,0,0,0,0,5,0,2,5,2,3,1,0,0,0,0,1,8,0
47,Zsolt Baumgartner,20,0,0,0,0,0,0,0,0,0,0,1,1,1,1,0,0,0,5,5,1,0,4,1,0,0,0,0,0,8,0
81,Gianni Morbidelli,70,1,0,,0,0,1,0,1,3,2,2,7,2,5,3,2,7,1,2,5,1,4,2,20,0,0,2,0,33,1
107,Roland Ratzenberger,3,0,0,,0,0,0,0,0,0,0,0,0,0,1,0,0,0,0,0,0,0,0,0,2,0,0,1,0,0,1
101,David Brabham,30,0,0,,0,0,0,0,0,0,0,0,0,2,2,2,0,1,2,2,2,3,0,0,14,0,0,6,0,17,0
129,Olivier Grouillard,62,0,0,,0,0,0,0,0,1,1,2,1,1,3,1,3,3,1,1,4,3,2,2,33,1,0,21,0,26,0
99,Gabriele Tarquini,78,0,0,,0,0,0,0,0,1,1,3,0,0,3,1,2,5,1,3,2,0,2,1,53,0,0,40,0,25,0
211,Rupert Keegan,37,0,0,,0,0,0,0,0,0,1,1,2,1,4,2,1,0,1,1,1,0,1,1,20,0,0,10,0,13,2
236,Patrick Gaillard,5,0,0,,0,0,0,0,0,0,0,0,0,0,0,1,1,0,0,0,0,0,0,0,3,0,0,3,0,1,0
247,Michael Bleekemolen,5,0,0,,0,0,0,0,0,0,0,0,0,0,0,0,0,0,0,0,0,1,0,0,4,0,0,4,0,1,0
259,David Purley,11,0,0,,0,0,0,0,0,0,0,0,1,0,0,0,1,1,1,0,0,0,1,1,5,0,0,3,0,4,0
260,Conny Andersson,5,0,0,,0,0,0,0,0,0,0,0,0,0,0,0,0,0,0,0,0,0,0,0,5,0,0,4,0,1,0
261,Bernard de Dryver,1,0,0,,0,0,0,0,0,0,0,0,0,0,0,0,0,0,0,0,0,0,0,0,1,0,0,1,0,0,0
262,Jackie Oliver,51,2,0,,0,0,2,0,3,1,3,2,2,3,3,3,2,2,5,4,1,1,2,6,6,0,0,0,2,32,1
291,Guy Tunmer,1,0,0,,0,0,0,0,0,0,0,0,0,0,1,0,0,0,0,0,0,0,0,0,0,0,0,0,0,0,0
292,Eddie Keizan,3,0,0,,0,0,0,0,0,0,0,0,0,0,0,0,2,1,0,0,0,0,0,0,0,0,0,0,1,0,0
308,Richard Robarts,4,0,0,,0,0,0,0,0,0,0,0,0,0,0,0,0,0,1,1,1,0,0,0,1,0,0,1,0,1,0
315,Gérard Larrousse,2,0,0,,0,0,0,0,0,0,0,0,0,0,0,0,0,0,0,0,0,0,0,0,2,0,0,1,0,1,0
298,Gijs van Lennep,9,0,0,,0,0,0,0,0,2,0,1,1,1,0,0,0,1,1,0,0,0,0,0,2,0,0,1,0,1,0
300,John Nicholson,2,0,0,,0,0,0,0,0,0,0,0,0,0,0,0,0,0,0,0,1,0,0,0,1,0,0,1,0,0,0
353,Pete Lovely,11,0,0,,0,0,0,0,0,0,1,0,1,1,1,0,0,1,0,0,0,1,0,0,5,0,0,4,3,1,0
371,Al Pease,2,0,0,,0,0,0,0,0,0,0,0,0,0,0,0,0,1,1,0,0,0,0,0,0,1,0,0,1,0,0
355,John Cannon,1,0,0,,0,0,0,0,0,0,0,0,0,0,0,0,0,1,0,0,0,0,0,0,0,0,0,0,0,0,0
378,Robin Widdows,1,0,0,,0,0,0,0,0,0,0,0,0,0,0,0,1,0,0,0,0,0,0,0,0,0,0,0,0,1,0
382,Moisés Solana,8,0,0,,0,0,0,0,0,0,0,0,0,2,1,1,0,0,0,0,2,2,0,0,0,0,0,0,0,5,0
411,Doug Serrurier,3,0,0,,0,0,0,0,0,0,0,0,0,0,1,0,1,0,0,0,0,0,0,0,1,0,0,1,0,1,0
424,Roberto Bussinello,4,0,0,,0,0,0,0,0,0,0,0,0,0,0,0,1,0,0,0,0,0,0,1,2,0,0,1,0,1,1
402,Giacomo Russo,3,0,0,,0,0,0,0,0,0,0,0,1,0,0,0,0,0,0,0,0,1,0,0,1,0,0,1,0,1,0
427,Maurice Trintignant,87,10,1,,2,3,5,4,8,3,4,7,4,3,5,5,6,0,6,2,5,1,0,2,12,0,0,1,0,40,2
439,Nasif Estéfano,5,0,0,,0,0,0,0,0,0,0,0,0,0,0,0,0,1,0,0,0,0,0,0,4,0,0,1,0,0,3
451,Frank Dochnal,1,0,0,,0,0,0,0,0,0,0,0,0,0,0,0,0,0,0,0,0,0,0,0,1,0,0,0,0,0,1
452,Thomas Monarch,1,0,0,,0,0,0,0,0,0,0,0,0,0,0,0,0,0,0,0,0,0,0,0,1,0,0,0,0,0,1
455,Wolfgang Seidel,13,0,0,,0,0,0,0,0,0,0,0,1,0,0,0,0,2,0,1,2,0,0,1,6,0,0,1,1,6,2
467,Ernesto Prinoth,2,0,0,,0,0,0,0,0,0,0,0,0,0,0,0,0,0,0,0,0,0,0,0,2,0,0,1,0,0,1
472,Mike Harris,1,0,0,,0,0,0,0,0,0,0,0,0,0,0,0,0,0,1,0,0,0,0,0,0,0,0,0,0,1,0
477,Cliff Allison,18,1,0,,0,1,0,1,1,2,1,2,1,2,0,0,1,1,2,0,0,1,0,0,2,0,0,1,0,6,1
484,Brian Naylor,9,0,0,,0,0,0,0,0,0,0,0,0,0,1,0,2,0,0,0,0,0,2,0,4,0,0,1,0,5,1
490,Geoff Duke,1,0,0,,0,0,0,0,0,0,0,0,0,0,0,0,0,0,0,0,0,0,0,0,1,0,0,0,0,0,1
495,Ken Miles,1,0,0,,0,0,0,0,0,0,0,0,0,0,0,0,0,0,0,0,0,0,0,1,0,0,0,0,0,0,1
546,Arthur Owen,1,0,0,,0,0,0,0,0,0,0,0,0,0,0,0,0,0,0,1,0,0,0,0,0,0,0,0,0,1,0
553,André Testut,2,0,0,,0,0,0,0,0,0,0,0,0,0,0,0,0,0,0,0,0,0,0,0,2,0,0,2,0,0,0
570,Bill Moss,1,0,0,,0,0,0,0,0,0,0,0,0,0,0,0,0,0,0,0,0,0,0,0,1,0,0,1,0,0,0
466,Heini Walter,1,0,0,,0,0,0,0,0,0,0,0,0,0,0,0,0,1,0,0,0,0,0,0,0,0,0,0,0,0,0
519,Bill Homeier,3,0,0,,0,0,0,0,1,0,0,0,0,0,0,0,1,0,0,0,0,0,0,0,1,0,0,0,0,1,0
576,Phil Cade,1,0,0,,0,0,0,0,0,0,0,0,0,0,0,0,0,0,0,0,0,0,1,0,0,0,0,0,0,0,1
578,Mike Hawthorn,48,18,4,,3,9,6,7,2,3,2,0,0,2,3,3,0,1,0,2,1,1,2,1,0,1,0,0,1,12,1
598,Jerry Unser,1,0,0,,0,0,0,0,0,0,0,0,0,0,0,0,0,0,0,0,0,0,0,0,1,0,0,0,0,1,0
577,Luigi Musso,26,7,0,,1,5,1,1,1,0,4,3,0,0,0,3,1,2,0,1,1,0,1,1,0,0,0,0,0,11,1
601,Dick Gibson,2,0,0,,0,0,0,0,0,0,0,0,0,0,0,0,0,0,0,0,0,0,0,0,2,0,0,0,0,2,0
609,André Simon,12,0,0,,0,0,0,0,0,2,0,0,1,1,1,2,0,0,0,0,2,0,2,0,1,0,0,1,0,7,0
610,Les Leston,3,0,0,,0,0,0,0,0,0,0,0,0,0,0,0,0,0,1,0,0,0,0,0,2,0,0,1,0,2,0
592,Jimmy Reece,6,0,0,,0,0,0,0,0,1,1,0,1,0,0,0,0,0,0,0,1,1,0,0,1,0,0,0,0,2,0
594,Johnnie Tolan,3,0,0,,0,0,0,0,0,0,0,0,0,0,0,0,1,0,0,0,0,0,0,1,1,0,0,0,0,2,0
639,André Milhoux,1,0,0,,0,0,0,0,0,0,0,1,0,0,0,0,0,0,0,0,0,0,0,0,0,0,0,0,0,1,0
646,Jesús Iglesias,1,0,0,,0,0,0,0,0,0,0,0,0,1,0,0,0,0,0,0,0,0,0,0,0,0,0,0,0,1,0
647,Alberto Ascari,36,17,14,,13,4,0,2,1,1,0,1,0,0,1,1,0,0,1,1,4,1,1,0,4,0,0,0,0,14,0
625,Élie Bayol,7,0,0,,0,0,0,0,1,1,0,0,0,0,0,0,0,1,0,1,0,0,1,0,2,0,0,0,0,5,0
649,Pablo Birger,2,0,0,,0,0,0,0,0,0,0,0,0,0,0,0,0,0,1,0,0,0,0,1,0,0,0,0,0,2,0
657,Bill Vukovich,5,2,1,,2,0,0,0,0,0,0,0,0,0,0,0,0,0,0,0,1,0,0,0,2,0,0,0,0,2,0
659,Jerry Hoyt,5,0,1,,0,0,0,0,0,0,0,1,0,0,0,0,0,0,0,0,0,0,0,0,4,0,0,0,0,3,0
665,Leslie Marr,2,0,0,,0,0,0,0,0,0,0,0,0,0,0,0,1,0,0,0,0,0,0,1,0,0,0,0,0,1,0
642,Nino Farina,37,20,6,,5,9,6,3,2,1,1,1,0,1,1,0,1,2,1,1,0,1,0,0,1,0,0,0,0,9,1
672,Jorge Daponte,2,0,0,,0,0,0,0,0,0,0,0,0,0,1,0,0,0,1,0,0,0,0,0,0,0,0,0,0,1,0
678,Len Duncan,1,0,0,,0,0,0,0,0,0,0,0,0,0,0,0,0,0,0,0,0,0,0,0,1,0,0,0,0,1,0
684,Bill Whitehouse,1,0,0,,0,0,0,0,0,0,0,0,0,0,0,0,0,0,0,0,1,0,0,0,0,0,0,0,0,1,0
693,Fred Wacker,3,0,0,,0,0,0,0,0,1,0,0,1,0,0,0,0,1,0,0,0,0,0,0,0,0,0,0,0,1,0
640,Toulo de Graffenried,23,0,0,,0,0,0,1,3,4,2,1,0,0,2,0,0,0,2,0,1,1,2,1,3,0,0,1,0,10,0
707,Ian Stewart,1,0,0,,0,0,0,0,0,0,0,0,0,0,0,0,0,0,0,0,0,0,0,0,1,0,0,0,0,1,0
712,Willi Heeks,2,0,0,,0,0,0,0,0,0,0,0,0,0,0,0,0,1,0,0,0,0,0,0,1,0,0,0,0,2,0
716,Erwin Bauer,1,0,0,,0,0,0,0,0,0,0,0,0,0,0,0,0,0,0,0,0,0,0,0,1,0,0,0,0,1,0
717,Hans von Stuck,4,0,0,,0,0,0,0,0,0,0,0,0,0,0,0,0,1,0,0,0,1,0,0,2,0,0,1,0,2,0
622,Chico Landi,6,0,0,,0,0,0,1,0,0,0,1,1,1,0,0,0,0,0,0,0,0,0,1,1,0,0,0,0,3,0
722,Piero Carini,3,0,0,,0,0,0,0,0,0,0,0,0,0,0,0,0,0,0,0,0,0,0,1,2,0,0,0,0,3,0
755,Rudolf Schoeller,1,0,0,,0,0,0,0,0,0,0,0,0,0,0,0,0,0,0,0,0,0,0,0,1,0,0,0,0,1,0
756,Paul Pietsch,3,0,0,,0,0,0,0,0,0,0,0,0,0,0,0,0,0,0,1,0,0,0,0,2,0,0,0,0,3,0
735,Charles de Tornaco,3,0,0,,0,0,0,0,0,0,1,0,0,0,0,0,0,1,0,0,0,0,0,0,1,0,0,1,0,1,0
762,Franco Rol,5,0,0,,0,0,0,0,0,0,0,0,1,0,0,1,0,1,0,0,0,1,0,1,0,0,0,0,0,4,0
723,Rudi Fischer,7,2,0,,0,1,1,0,0,1,0,0,0,0,2,0,1,0,0,0,0,0,0,0,1,0,0,0,0,1,0
765,Henri Louveau,2,0,0,,0,0,0,0,0,0,0,0,0,0,0,0,0,0,0,1,0,0,1,0,0,0,0,0,0,2,0
629,Cliff Griffith,3,0,0,,0,0,0,0,0,0,0,0,1,1,0,0,0,0,0,0,0,0,0,0,1,0,0,0,0,1,0
780,Toni Branca,3,0,0,,0,0,0,0,0,0,0,0,0,1,1,0,0,0,0,0,0,0,0,0,1,0,0,0,0,1,0
785,Geoff Crossley,2,0,0,,0,0,0,0,0,0,0,0,1,0,0,0,0,0,0,1,0,0,0,0,0,0,0,0,0,1,0
799,Jimmy Jackson,2,0,0,,0,0,0,0,0,0,0,0,0,0,0,0,0,0,1,0,0,0,0,0,1,0,0,0,0,1,0
730,George Fonder,3,0,0,,0,0,0,0,0,0,0,0,0,0,0,0,0,0,1,0,0,0,1,0,1,0,0,0,0,1,0
676,Frank Armi,1,0,0,,0,0,0,0,0,0,0,0,0,0,0,0,0,0,0,0,0,0,1,0,0,0,0,0,0,0,0
682,Don Beauman,1,0,0,,0,0,0,0,0,0,0,0,0,0,1,0,0,0,0,0,0,0,0,0,0,0,0,0,0,0,0
701,Bill Holland,2,1,0,,0,1,0,0,0,0,0,0,0,0,0,0,0,0,1,0,0,0,0,0,0,0,0,0,0,0,0
719,Albert Scherrer,1,0,0,,0,0,0,0,0,0,0,0,1,0,0,0,0,0,0,0,0,0,0,0,0,0,0,0,0,0,0
743,Eric Thompson,1,0,0,,0,0,0,0,1,0,0,0,0,0,0,0,0,0,0,0,0,0,0,0,0,0,0,0,0,0,0
796,Walt Ader,1,0,0,,0,0,0,0,0,0,0,0,0,0,0,0,0,0,0,0,0,0,0,0,1,0,0,0,0,0,0
800,Nello Pagani,1,0,0,,0,0,0,0,0,0,1,0,0,0,0,0,0,0,0,0,0,0,0,0,0,0,0,0,0,0,0
806,Óscar González,1,0,0,,0,0,0,0,0,1,0,0,0,0,0,0,0,0,0,0,0,0,0,0,0,0,0,0,0,0,0
55,Jean Alesi,202,32,2,,1,16,15,11,15,12,9,9,10,10,7,6,3,4,4,15,7,7,5,11,25,0,0,0,0,82,1
73,Ricardo Rosset,30,0,0,,0,0,0,0,0,0,0,2,2,0,4,3,2,2,3,0,2,0,1,4,5,0,0,3,0,14,1
139,Emanuele Pirro,40,0,0,,0,0,0,0,1,1,1,2,2,5,3,1,0,1,3,0,1,0,1,0,18,0,0,3,0,20,0
147,Paolo Barilla,15,0,0,,0,0,0,0,0,0,0,0,0,1,1,1,0,1,2,0,0,1,0,0,8,0,0,6,0,5,0
152,Bruno Giacomelli,82,1,1,,0,0,1,1,3,1,3,3,4,3,3,1,8,3,4,3,4,2,5,3,27,0,0,13,1,40,0
162,Pierre-Henri Raphanel,17,0,0,,0,0,0,0,0,0,0,0,0,0,0,0,0,0,0,0,0,0,0,0,17,0,0,16,0,1,0
156,Jonathan Palmer,88,0,0,,0,0,0,1,4,3,4,4,7,7,5,4,4,4,6,0,2,4,2,3,24,0,0,4,0,39,0
134,Enrico Bertaggia,6,0,0,,0,0,0,0,0,0,0,0,0,0,0,0,0,0,0,0,0,0,0,0,6,0,0,6,0,0,0
175,Patrick Tambay,122,11,5,,2,4,5,7,7,7,8,5,2,5,5,2,6,4,4,5,4,2,2,8,28,0,0,5,2,57,1
174,Johnny Dumfries,16,0,0,,0,0,0,0,1,1,2,0,3,0,0,0,0,1,0,0,1,0,1,2,4,0,0,1,0,9,0
187,John Watson,154,20,2,,5,6,9,9,7,11,10,6,7,7,10,6,5,2,3,6,4,3,6,4,28,3,0,2,3,56,0
825,Kevin Magnussen,180,1,0,2,0,1,0,0,4,3,6,9,10,14,5,17,17,14,12,12,22,14,10,9,1,1,0,0,0,29,1
837,Rio Haryanto,12,0,0,0,0,0,0,0,0,0,0,0,0,0,0,0,0,0,1,1,2,1,3,1,3,0,0,0,0,3,0
851,Jack Aitken,1,0,0,0,0,0,0,0,0,0,0,0,0,0,0,0,0,0,0,1,0,0,0,0,0,0,0,0,0,0,0
860,Oliver Bearman,1,0,0,0,0,0,0,0,0,0,1,0,0,0,0,0,0,0,0,0,0,0,0,0,0,0,0,0,0,0,0
14,David Coulthard,247,62,12,0,13,26,23,12,19,13,16,7,10,8,9,6,5,12,7,7,8,14,12,12,8,1,0,0,0,76,1
16,Adrian Sutil,128,0,0,1,0,0,0,1,3,3,5,5,8,5,8,2,13,6,7,10,11,10,12,6,13,0,0,0,0,39,0
8,Kimi Räikkönen,352,103,18,42,21,37,45,28,25,18,16,16,13,13,11,15,7,12,14,5,8,11,12,15,10,0,0,0,0,66,1
2,Nick Heidfeld,184,13,1,2,0,8,5,10,9,16,13,13,13,14,9,10,6,7,9,5,9,9,8,5,6,0,0,0,0,45,1
32,Christian Klien,51,0,0,0,0,0,0,0,1,1,1,5,5,2,5,3,4,5,1,1,1,3,4,7,2,0,0,0,0,14,2
38,Robert Doornbos,11,0,0,0,0,0,0,0,0,0,0,0,0,0,0,2,3,2,0,0,0,4,0,0,0,0,0,0,0,2,0
82,Norberto Fontana,4,0,0,,0,0,0,0,0,0,0,0,2,0,0,0,0,1,0,1,0,0,0,0,0,0,0,0,0,1,0
83,Pedro Lamy,32,0,0,,0,0,0,0,0,1,0,1,4,4,3,5,4,0,1,2,1,0,1,1,4,0,0,0,0,13,0
89,Taki Inoue,18,0,0,,0,0,0,0,0,0,0,1,1,0,0,3,0,0,1,1,0,1,1,3,6,0,0,0,0,13,0
93,Domenico Schiattarella,7,0,0,,0,0,0,0,0,0,0,0,1,0,0,0,0,0,1,0,0,0,2,0,3,0,0,0,0,3,1
96,Jean-Christophe Boullion,11,0,0,,0,0,0,0,1,1,0,1,1,1,1,1,0,0,0,0,0,2,0,1,1,0,0,0,0,4,0
102,Ayrton Senna,162,80,65,,41,23,16,7,6,3,5,0,2,4,3,2,3,4,5,3,3,4,5,1,22,3,0,1,0,50,0
115,Hideki Noda,3,0,0,,0,0,0,0,0,0,0,0,0,0,0,0,0,0,0,0,0,0,0,0,3,0,0,0,0,3,0
117,Alain Prost,202,106,33,,51,35,20,10,5,8,6,2,1,1,4,6,5,3,2,5,3,5,4,3,23,2,0,0,1,53,3
123,Thierry Boutsen,164,15,1,,3,2,10,8,11,7,12,6,11,10,9,6,7,6,5,8,4,6,6,5,22,1,0,1,2,63,0
125,Emanuele Naspetti,6,0,0,,0,0,0,0,0,0,0,0,0,0,1,1,1,0,1,0,0,0,1,0,1,0,0,0,0,3,0
130,Andrea Chiesa,10,0,0,,0,0,0,0,0,0,0,0,0,0,0,0,0,0,0,1,0,0,0,0,9,0,0,7,0,3,0
131,Stefano Modena,81,2,0,,0,1,1,1,1,2,3,1,1,2,4,5,6,5,3,2,4,2,6,4,27,1,2,8,1,39,0
127,Maurício Gugelmin,80,1,0,,0,0,1,1,1,1,8,6,0,3,3,3,3,4,7,2,2,3,2,5,25,0,0,5,1,42,1
135,Perry McCarthy,7,0,0,,0,0,0,0,0,0,0,0,0,0,0,0,0,0,0,0,0,0,0,0,7,0,1,6,0,0,0
189,Jo Gartner,8,0,0,,0,0,0,0,1,0,0,0,0,0,0,2,0,0,0,2,1,0,0,0,2,0,0,0,0,5,0
196,Raul Boesel,30,0,0,,0,0,0,0,0,0,1,1,2,2,0,0,2,3,3,0,2,1,1,1,11,0,0,7,1,12,0
199,Carlos Reutemann,146,45,6,,12,13,20,11,3,7,7,7,3,3,3,3,4,2,4,2,4,10,6,5,17,1,0,0,0,48,0
214,Kevin Cogan,2,0,0,,0,0,0,0,0,0,0,0,0,0,0,0,0,0,0,0,0,0,0,0,2,0,0,2,0,0,0
217,Ricardo Zunino,11,0,0,,0,0,0,0,0,0,2,1,0,1,0,0,2,0,1,0,0,0,0,0,4,0,0,1,0,4,0
226,Stephen South,1,0,0,,0,0,0,0,0,0,0,0,0,0,0,0,0,0,0,0,0,0,0,0,1,0,0,1,0,0,0
232,Arturo Merzario,84,0,0,,0,0,0,3,0,2,2,0,3,0,1,1,0,3,1,7,3,3,5,5,45,0,0,26,2,39,1
233,Hans-Joachim Stuck,81,2,0,,0,0,2,3,5,2,4,2,0,1,4,1,1,7,1,4,8,4,3,2,27,1,0,4,0,47,3
246,Hans Binder,15,0,0,,0,0,0,0,0,0,0,1,1,1,3,1,2,0,0,1,1,0,1,0,3,0,0,2,0,7,0
257,Boy Lunger,7,0,0,,0,0,0,0,0,0,0,0,0,0,0,0,0,1,1,0,0,0,1,0,4,0,0,4,1,2,0
269,Teddy Pilette,4,0,0,,0,0,0,0,0,0,0,0,0,0,0,0,0,0,0,0,1,0,0,0,3,0,0,3,0,0,0
271,Loris Kessel,6,0,0,,0,0,0,0,0,0,0,0,0,0,0,1,0,1,0,0,0,0,0,0,4,0,0,3,1,1,0
281,Jac Nelleman,1,0,0,,0,0,0,0,0,0,0,0,0,0,0,0,0,0,0,0,0,0,0,0,1,0,0,1,0,0,0
290,Wilson Fittipaldi,38,0,0,,0,0,0,0,1,1,2,1,1,2,3,2,1,2,1,2,5,0,3,1,10,0,0,3,1,17,0
299,Hiroshi Fushida,2,0,0,,0,0,0,0,0,0,0,0,0,0,0,0,0,0,0,0,0,0,0,0,2,0,0,1,0,0,1
312,Brian Redman,13,1,0,,0,0,1,0,2,0,2,0,1,0,0,0,1,0,0,0,0,1,0,0,5,1,0,1,0,4,0
318,Bertil Roos,1,0,0,,0,0,0,0,0,0,0,0,0,0,0,0,0,0,0,0,0,0,0,0,1,0,0,0,0,1,0
324,Helmuth Koinigg,3,0,0,,0,0,0,0,0,0,0,0,0,1,0,0,0,0,0,0,0,0,0,0,2,0,0,1,0,1,0
337,Helmut Marko,9,0,0,,0,0,0,0,0,0,0,1,0,2,1,1,1,1,0,0,0,0,0,0,2,0,0,0,0,2,0
345,Pedro Rodríguez,54,7,0,,2,3,2,4,4,7,4,0,4,3,3,5,1,3,1,1,3,3,1,0,0,0,0,0,1,23,1
344,Sam Posey,2,0,0,,0,0,0,0,0,0,0,0,0,0,0,1,0,0,0,0,0,0,0,0,1,0,0,0,0,1,0
369,Basil van Rooyen,2,0,0,,0,0,0,0,0,0,0,0,0,0,0,0,0,0,0,1,0,1,0,0,0,0,0,0,0,2,0
374,Mike Spence,36,1,1,,0,0,1,3,6,2,2,3,3,1,3,1,2,3,2,0,1,1,0,1,1,0,0,0,0,16,0
375,Ludovico Scarfiotti,13,1,0,,1,0,0,2,0,2,0,0,1,0,1,1,0,0,0,0,1,0,1,1,2,0,0,0,1,3,3
401,Trevor Taylor,29,1,0,,0,1,0,0,0,2,1,4,0,1,0,2,3,0,0,3,2,2,2,2,4,0,0,2,0,15,0
404,Innes Ireland,55,4,0,,1,2,1,4,4,2,2,1,4,5,0,2,5,1,2,3,3,3,3,2,5,0,0,0,0,24,5
405,Ronnie Bucknum,11,0,0,,0,0,0,0,1,0,0,1,0,1,0,0,4,0,0,1,1,1,0,1,0,0,0,0,0,7,0
412,Brausch Niemann,2,0,0,,0,0,0,0,0,0,0,0,0,0,0,0,0,1,0,0,0,0,0,0,1,0,0,1,0,0,0
406,Paul Hawkins,3,0,0,,0,0,0,0,0,0,0,0,1,1,0,0,0,0,0,0,1,0,0,0,0,0,0,0,0,1,0
443,Ernesto Brambilla,1,0,0,,0,0,0,0,0,0,0,0,0,0,0,0,0,0,0,0,0,0,0,0,1,0,0,1,0,0,0
480,Michael May,4,0,0,,0,0,0,0,0,0,0,0,0,0,1,0,0,1,0,0,0,0,0,0,2,0,0,0,0,1,2
482,Olivier Gendebien,17,2,0,,0,1,1,2,1,2,1,0,1,0,1,1,0,1,0,1,0,0,0,0,4,0,0,1,0,3,2
475,Stirling Moss,73,24,17,,16,5,3,3,2,1,2,4,2,1,3,5,4,4,3,4,2,3,2,0,4,3,0,0,0,31,2
476,Wolfgang von Trips,28,6,1,,2,2,2,3,4,3,2,1,1,2,1,0,0,1,0,0,0,0,1,1,2,0,0,0,0,8,1
483,Giorgio Scarlatti,15,0,0,,0,0,0,0,1,1,0,2,0,1,0,2,0,2,1,0,0,1,1,0,3,0,0,3,0,7,0
489,Renato Pirocchi,2,0,0,,0,0,0,0,0,0,0,0,0,0,0,1,0,0,0,0,0,0,0,0,1,0,0,0,0,0,1
506,Bruce Halford,9,0,0,,0,0,0,0,0,1,0,1,0,1,1,0,0,0,1,2,1,0,0,0,1,1,0,1,0,5,0
554,Jean Behra,57,9,0,,0,2,7,2,4,6,2,1,0,7,1,1,5,2,2,3,3,4,0,1,4,1,0,0,0,31,0
527,Eddie Sachs,4,0,1,,0,0,0,0,0,0,0,0,0,0,0,0,0,0,0,0,1,0,0,0,3,0,0,0,0,3,0
560,Bill Cheesbourg,3,0,0,,0,0,0,0,0,0,0,0,0,1,0,0,0,0,0,0,0,0,0,0,2,0,0,0,0,2,0
528,Don Freeland,8,1,0,,0,0,1,0,0,0,2,0,0,0,0,0,0,0,1,0,1,0,0,0,3,0,0,0,0,3,0
562,Jack Turner,4,0,0,,0,0,0,0,0,0,0,0,0,0,1,0,0,0,0,0,0,0,0,0,3,0,0,0,0,3,0
563,Chuck Weyant,4,0,0,,0,0,0,0,0,0,0,0,0,0,0,1,0,1,0,0,0,0,0,0,2,0,0,0,0,2,0
536,Len Sutton,3,0,0,,0,0,0,0,0,0,0,0,0,0,0,0,0,0,0,0,0,0,0,0,3,0,0,0,0,2,0
566,Carroll Shelby,9,0,0,,0,0,0,1,0,0,0,1,1,2,0,0,0,2,0,0,0,1,0,1,0,0,0,0,0,5,0
471,Bruce Johnstone,1,0,0,,0,0,0,0,0,0,0,0,1,0,0,0,0,0,0,0,0,0,0,0,0,0,0,0,0,0,0
512,Johnny Thomson,9,1,1,,0,0,1,1,1,0,0,0,0,0,0,1,0,0,0,0,0,0,1,0,4,0,0,0,0,5,0
526,Troy Ruttman,9,1,0,,1,0,0,1,0,0,0,0,0,1,0,0,0,0,1,0,0,0,0,1,4,0,0,0,0,3,1
583,Gerino Gerini,7,0,0,,0,0,0,1,0,0,0,0,1,1,0,2,0,0,0,0,1,0,1,0,0,0,0,1,0,2,0
586,Luigi Piotti,9,0,0,,0,0,0,0,0,1,0,0,1,1,0,0,0,0,0,1,0,1,0,1,3,0,0,2,0,3,2
614,Don Edmunds,1,0,0,,0,0,0,0,0,0,0,0,0,0,0,0,0,0,0,0,0,0,1,0,0,0,0,0,0,1,0
626,Robert Manzon,29,2,0,,0,0,2,2,1,0,1,0,5,1,0,1,2,3,0,1,1,2,0,1,6,0,0,0,0,17,1
612,Andy Linden,11,0,0,,0,0,0,1,1,1,0,0,0,0,1,0,0,0,0,1,0,0,0,0,6,0,0,0,0,6,0
634,Piero Scotti,1,0,0,,0,0,0,0,0,0,0,0,0,0,0,0,1,0,0,0,0,0,0,0,0,0,0,0,0,1,0
606,Alfonso de Portago,6,1,0,,0,1,0,0,1,0,0,0,1,1,0,0,0,0,0,1,0,0,0,0,1,0,0,0,0,3,0
638,Ottorino Volonterio,3,0,0,,0,0,0,0,0,0,1,0,0,0,2,0,0,0,0,0,0,0,0,0,0,0,0,0,1,1,0
652,Ted Whiteaway,1,0,0,,0,0,0,0,0,0,0,0,0,0,0,0,0,0,0,0,0,0,0,0,1,0,0,1,0,0,0
656,Art Cross,4,1,0,,0,1,0,0,1,0,0,0,0,0,1,0,0,0,0,0,1,0,0,0,0,0,0,0,0,1,0
650,Jacques Pollet,5,0,0,,0,0,0,0,0,0,1,0,0,1,0,0,0,1,1,0,0,0,0,1,0,0,0,0,0,3,0
668,Jean Lucas,1,0,0,,0,0,0,0,0,0,0,0,0,0,0,0,0,0,0,0,0,0,1,0,0,0,0,0,0,1,0
681,Georges Berger,2,0,0,,0,0,0,0,0,0,0,0,0,0,0,0,0,0,0,0,0,1,1,0,0,0,0,0,0,2,0
669,Prince Bira,19,0,0,,0,0,0,2,1,1,2,0,2,1,3,0,1,1,0,0,0,1,1,1,2,0,0,0,0,9,0
698,Adolfo Cruz,1,0,0,,0,0,0,0,0,0,0,0,0,0,0,0,0,0,0,1,0,0,0,0,0,0,0,0,0,1,0
715,Günther Bechem,2,0,0,,0,0,0,0,0,0,0,0,0,0,0,0,0,0,0,0,0,1,0,0,1,0,0,0,0,2,0
721,Peter Hirt,5,0,0,,0,0,0,0,0,0,1,0,0,0,1,0,0,0,0,0,1,0,0,0,2,0,0,0,0,3,0
667,John Fitch,2,0,0,,0,0,0,0,0,0,0,0,1,0,0,0,0,0,0,0,0,0,0,0,1,0,0,0,0,1,0
720,Max de Terra,2,0,0,,0,0,0,0,0,0,0,1,0,0,0,0,0,0,0,0,0,0,0,0,1,0,0,0,0,1,0
739,Robin Montgomerie-Charrington,1,0,0,,0,0,0,0,0,0,0,0,0,0,0,0,0,0,0,1,0,0,0,0,0,0,0,0,0,1,0
744,Ken Downing,2,0,0,,0,0,0,0,0,0,0,0,1,0,0,0,1,0,0,0,0,0,0,0,0,0,0,0,0,1,0
759,Jan Flinterman,2,0,0,,0,0,0,0,0,0,0,0,1,0,0,0,0,0,0,0,1,0,0,0,0,0,0,0,0,1,0
760,Piero Dusio,1,0,0,,0,0,0,0,0,0,0,0,0,0,0,0,0,0,0,0,0,0,0,0,1,0,0,1,0,0,0
726,George Connor,3,0,0,,0,0,0,0,0,0,0,2,0,0,0,0,0,0,0,0,0,0,0,0,1,0,0,0,0,1,0
787,Cuth Harrison,3,0,0,,0,0,0,0,0,0,1,0,1,0,0,0,0,0,0,0,1,0,0,0,0,0,0,0,0,2,0
784,David Hampshire,2,0,0,,0,0,0,0,0,0,0,0,1,0,0,0,0,0,0,1,0,0,0,0,0,0,0,0,0,1,0
740,Franco Comotti,2,0,0,,0,0,0,0,0,0,0,0,0,0,0,1,0,0,0,0,0,0,0,1,0,0,0,0,0,1,0
808,Vitaly Petrov,58,1,0,1,0,0,1,0,2,1,1,1,4,3,5,2,5,2,3,6,7,2,7,1,5,0,0,0,0,10,1
675,Manny Ayulo,4,1,0,,0,0,1,0,0,0,0,0,0,0,0,0,2,0,0,0,0,0,0,1,0,0,0,0,0,0,0
683,Leslie Thorne,1,0,0,,0,0,0,0,0,0,0,0,0,0,0,0,0,1,0,0,0,0,0,0,0,0,0,0,0,0,0
696,John Barber,1,0,0,,0,0,0,0,0,0,0,1,0,0,0,0,0,0,0,0,0,0,0,0,0,0,0,0,0,0,0
767,Carl Forberg,1,0,0,,0,0,0,0,0,0,1,0,0,0,0,0,0,0,0,0,0,0,0,0,0,0,0,0,0,0,0
778,Brian Shawe Taylor,2,0,0,,0,0,0,0,0,0,0,1,0,1,0,0,0,0,0,0,0,0,0,0,0,0,0,0,0,0,0
56,Eddie Irvine,147,26,0,,4,6,16,10,7,7,9,6,6,5,5,4,8,6,6,5,1,5,8,6,17,0,0,0,0,62,0
62,Alex Yoong,16,0,0,,0,0,0,0,0,0,1,0,0,1,0,0,2,2,1,2,1,2,1,1,2,0,0,1,0,8,1
137,Nelson Piquet,207,60,24,,23,20,17,18,15,7,6,10,2,0,7,4,4,5,7,8,9,5,5,5,30,2,0,2,0,80,1
153,Jaime Alguersuari,46,0,0,0,0,0,0,0,0,0,2,3,2,3,7,4,4,2,6,3,0,2,0,3,5,0,0,0,0,10,0
158,Eddie Cheever,143,9,0,,0,2,7,5,4,7,6,4,5,4,4,8,6,6,3,8,8,6,6,7,37,0,0,11,2,75,0
161,Volker Weidler,10,0,0,,0,0,0,0,0,0,0,0,0,0,0,0,0,0,0,0,0,0,0,0,10,1,0,9,0,0,0
164,Joachim Winkelhock,7,0,0,,0,0,0,0,0,0,0,0,0,0,0,0,0,0,0,0,0,0,0,0,7,0,0,7,0,0,0
176,Marc Surer,88,0,0,,0,0,0,2,3,6,5,9,8,6,5,4,8,2,4,3,4,0,3,1,15,0,0,5,0,31,1
172,Jacques Laffite,180,33,7,,6,10,17,6,9,11,8,8,6,1,7,6,2,5,4,8,6,8,12,14,26,1,0,3,3,78,1
173,Elio de Angelis,110,9,3,,2,2,5,11,17,6,5,3,2,3,1,3,0,6,1,5,4,6,4,4,20,3,0,1,1,45,1
816,Jérôme d'Ambrosio,20,0,0,0,0,0,0,0,0,0,0,0,0,0,0,0,1,1,2,1,2,2,3,4,4,0,0,0,0,3,0
814,Paul di Resta,59,0,0,0,0,0,0,2,0,3,6,6,4,5,7,8,2,2,2,1,0,3,1,2,5,0,0,0,0,7,0
830,Max Verstappen,201,108,40,32,61,31,16,15,15,8,4,6,5,3,2,1,1,0,2,3,3,10,10,5,0,0,0,0,0,30,0
829,Will Stevens,19,0,0,0,0,0,0,0,0,0,0,0,0,0,0,0,1,1,3,4,5,2,1,2,0,0,0,0,0,2,1
835,Jolyon Palmer,37,0,0,0,0,0,0,0,0,1,0,0,0,1,4,5,6,1,5,0,1,2,3,3,5,0,0,0,0,10,1
845,Sergey Sirotkin,21,0,0,0,0,0,0,0,0,0,0,0,0,1,0,1,3,2,4,4,1,1,2,2,0,0,0,0,0,3,0
834,Alexander Rossi,5,0,0,0,0,0,0,0,0,0,0,0,0,0,0,1,0,1,1,0,0,2,0,0,0,0,0,0,0,0,0
853,Nikita Mazepin,22,0,0,0,0,0,0,0,0,0,0,0,0,0,0,0,0,2,0,1,6,5,3,5,0,0,0,0,0,5,1
854,Mick Schumacher,44,0,0,0,0,0,0,0,0,1,0,1,0,0,1,2,5,4,4,8,4,6,5,3,0,0,0,0,0,5,1
850,Pietro Fittipaldi,2,0,0,0,0,0,0,0,0,0,0,0,0,0,0,0,0,0,0,0,1,0,1,0,0,0,0,0,0,0,0
20,Sebastian Vettel,300,122,57,38,53,36,33,34,21,13,6,11,4,9,7,9,8,3,4,3,8,10,6,10,12,1,0,0,0,36,1
3,Nico Rosberg,206,57,30,20,23,25,9,11,16,16,15,10,10,9,9,6,3,6,4,6,4,4,4,3,13,0,0,0,0,29,0
25,Alexander Wurz,69,3,0,0,0,0,3,6,3,1,8,1,6,7,5,2,3,5,0,3,3,2,4,3,4,0,0,0,0,22,0
30,Michael Schumacher,308,155,68,21,91,43,21,15,13,12,13,6,6,7,7,8,3,5,6,4,7,6,4,9,22,2,0,0,0,64,1
45,Giorgio Pantano,14,0,0,0,0,0,0,0,0,0,0,0,0,0,0,0,2,2,2,2,3,0,1,2,0,0,0,0,0,8,0
85,Andrea Montermini,28,0,0,,0,0,0,0,0,0,0,1,1,1,0,1,0,0,0,0,4,2,1,1,16,1,0,6,1,14,2
92,Bertrand Gachot,84,0,0,,0,0,0,0,1,3,0,2,1,1,1,2,2,3,2,2,3,7,3,2,49,1,0,37,0,31,0
87,Mark Blundell,63,3,0,,0,0,3,2,6,2,5,1,4,2,2,2,2,2,3,2,5,5,3,2,10,0,0,2,0,30,0
98,Jean-Denis Délétraz,3,0,0,,0,0,0,0,0,0,0,0,0,0,0,0,0,0,2,0,0,0,0,1,0,0,0,0,0,2,0
110,Andrea de Cesaris,214,5,1,,0,2,3,7,4,6,7,10,3,11,6,6,11,12,8,9,6,15,17,12,59,2,0,5,1,134,1
100,Érik Comas,63,0,0,,0,0,0,0,1,5,1,5,6,7,5,2,0,1,3,3,2,1,5,0,16,0,0,3,0,27,1
119,Riccardo Patrese,257,37,8,,6,17,14,8,15,13,5,8,14,10,6,4,15,10,14,8,11,7,11,11,50,0,0,0,0,130,1
121,Michael Andretti,13,1,0,,0,0,1,0,1,1,0,2,0,0,0,0,0,1,1,0,0,0,0,0,6,0,0,0,0,7,0
198,Jacques Villeneuve Sr.,3,0,0,,0,0,0,0,0,0,0,0,0,0,0,0,0,0,0,0,0,0,0,0,3,0,0,3,0,0,0
200,Jochen Mass,114,8,0,,1,1,6,7,4,9,8,5,4,3,6,3,3,3,5,7,4,2,3,2,28,0,0,7,1,40,2
223,Clay Regazzoni,138,28,5,,5,13,10,8,9,7,7,3,7,5,2,6,4,5,7,2,3,4,7,4,20,1,0,7,4,42,1
234,Gianfranco Brancatelli,3,0,0,,0,0,0,0,0,0,0,0,0,0,0,0,0,0,0,0,0,0,0,0,3,0,0,3,0,0,0
235,Jacky Ickx,121,25,13,,8,7,10,4,7,4,2,10,2,4,4,6,6,3,5,6,7,2,2,4,18,0,0,5,0,49,1
251,Ian Scheckter,20,0,0,,0,0,0,0,0,0,0,1,0,2,1,1,1,1,0,0,0,1,1,3,8,0,0,2,1,13,0
254,Renzo Zorzi,7,0,0,,0,0,0,0,0,1,0,0,1,0,0,0,0,1,0,0,0,1,1,1,1,0,0,0,0,4,0
270,Ian Ashley,11,0,0,,0,0,0,0,0,0,0,0,0,0,0,0,1,1,0,0,1,0,0,0,8,0,0,5,1,2,1
267,Vern Schuppan,12,0,0,,0,0,0,0,0,0,1,0,0,0,0,2,1,0,1,1,1,0,0,1,4,2,0,3,0,3,0
359,Johnny Servoz-Gavin,12,1,0,,0,1,0,0,1,1,1,1,1,0,1,0,0,1,1,1,1,0,0,0,1,0,0,1,1,6,0
361,Piers Courage,29,2,0,,0,2,0,1,2,1,1,3,1,5,1,2,1,2,0,3,2,0,1,0,1,0,0,0,1,17,2
366,Gus Hutchison,1,0,0,,0,0,0,0,0,0,0,0,0,0,0,0,0,0,0,0,0,0,0,0,1,0,0,0,0,1,0
350,Vic Elford,13,0,0,,0,0,0,1,2,1,1,1,0,1,1,2,0,0,1,0,0,0,0,2,0,0,0,0,0,5,0
301,Dave Morgan,1,0,0,,0,0,0,0,0,0,0,0,0,0,0,0,0,0,0,0,0,1,0,0,0,0,0,0,0,0,0
331,Luiz Bueno,1,0,0,,0,0,0,0,0,0,0,0,0,0,0,1,0,0,0,0,0,0,0,0,0,0,0,0,0,0,0
392,Mike Fisher,2,0,0,,0,0,0,0,0,0,0,0,0,0,1,0,0,0,0,0,0,0,1,0,0,0,0,0,0,1,0
410,Neville Lederle,3,0,0,,0,0,0,0,0,1,0,0,0,0,0,0,0,0,0,0,0,0,0,0,2,0,0,1,0,0,1
415,Ray Reed,1,0,0,,0,0,0,0,0,0,0,0,0,0,0,0,0,0,0,0,0,0,0,0,1,0,0,0,0,0,1
432,Mário de Araújo Cabral,5,0,0,,0,0,0,0,0,0,0,0,1,1,0,0,0,1,0,1,0,0,0,0,1,0,0,1,0,3,0
445,Günther Seiffert,2,0,0,,0,0,0,0,0,0,0,0,0,0,0,0,0,0,0,0,0,0,0,0,2,0,0,1,0,0,1
425,Nino Vaccarella,5,0,0,,0,0,0,0,0,0,0,0,1,0,0,1,0,0,1,0,0,0,1,0,1,0,0,1,0,1,0
461,Heinz Schiller,2,0,0,,0,0,0,0,0,0,0,0,0,0,0,0,0,0,0,0,0,0,0,0,2,0,0,0,0,1,1
463,Jay Chamberlain,3,0,0,,0,0,0,0,0,0,0,0,0,0,0,0,0,0,1,0,0,0,0,0,2,0,0,2,0,0,0
474,Syd van der Vyver,1,0,0,,0,0,0,0,0,0,0,0,0,0,0,0,0,0,0,0,0,0,1,0,0,0,0,0,0,0,1
478,Hans Herrmann,20,1,0,,0,0,1,2,0,1,0,0,4,0,1,1,1,1,2,1,0,1,0,2,2,0,0,2,0,8,1
504,Antonio Creus,1,0,0,,0,0,0,0,0,0,0,0,0,0,0,0,0,0,0,0,0,0,0,0,1,0,0,0,0,1,0
508,Lance Reventlow,4,0,0,,0,0,0,0,0,0,0,0,0,0,0,0,0,0,0,0,1,0,0,1,2,0,0,1,0,1,2
552,Jean Lucienbonnet,1,0,0,,0,0,0,0,0,0,0,0,0,0,0,0,0,0,0,0,0,0,0,0,1,0,0,1,0,0,0
537,Dick Rathmann,5,0,1,,0,0,0,0,1,0,0,0,0,0,0,0,0,0,0,0,0,0,0,1,3,0,0,0,0,3,0
561,Ray Crawford,3,0,0,,0,0,0,0,0,0,0,0,0,0,0,0,0,0,0,0,0,0,0,0,3,0,0,0,0,3,0
517,Red Amick,2,0,0,,0,0,0,0,0,0,0,0,0,0,1,0,0,0,0,0,0,0,0,0,1,0,0,0,0,1,0
571,Dennis Taylor,1,0,0,,0,0,0,0,0,0,0,0,0,0,0,0,0,0,0,0,0,0,0,0,1,0,0,1,0,0,0
499,Roberto Bonomi,1,0,0,,0,0,0,0,0,0,0,0,0,0,1,0,0,0,0,0,0,0,0,0,0,0,0,0,0,0,0
518,Duane Carter,10,1,0,,0,0,1,2,0,0,1,1,0,0,1,2,0,0,1,0,0,0,0,0,1,0,0,0,0,1,0
529,Tony Bettenhausen,13,1,0,,0,1,0,2,1,0,0,0,2,0,0,0,0,0,2,0,0,0,0,0,5,0,0,0,0,5,0
532,Eddie Russo,4,0,0,,0,0,0,0,0,0,0,0,0,0,0,0,0,0,0,0,0,0,0,0,4,0,0,0,0,3,0
533,Johnny Boyd,6,1,0,,0,0,1,0,0,2,0,0,0,0,0,0,0,0,0,0,0,0,0,0,3,0,0,0,0,2,0
538,Al Herman,5,0,0,,0,0,0,0,0,0,1,0,0,0,0,0,1,0,0,0,0,0,0,0,3,0,0,0,0,2,0
539,Dempsey Wilson,2,0,0,,0,0,0,0,0,0,0,0,0,0,0,0,0,0,1,0,0,0,0,0,1,0,0,0,0,1,0
555,Paul Russo,9,1,0,,0,1,0,2,0,0,0,1,2,0,0,0,0,0,0,0,0,1,0,0,2,0,0,0,0,3,0
569,Peter Ashdown,1,0,0,,0,0,0,0,0,0,0,0,0,0,0,1,0,0,0,0,0,0,0,0,0,0,0,0,0,0,0
573,Alessandro de Tomaso,2,0,0,,0,0,0,0,0,0,0,0,1,0,1,0,0,0,0,0,0,0,0,0,0,0,0,0,0,1,0
581,Peter Collins,37,9,0,,3,3,3,1,1,2,1,2,0,1,1,1,3,3,2,2,2,1,0,0,5,0,0,1,0,19,1
580,Paco Godia,14,0,0,,0,0,0,2,0,1,1,2,2,1,1,0,0,0,1,1,0,0,1,0,1,0,0,1,0,5,0
595,Billy Garrett,2,0,0,,0,0,0,0,0,0,0,0,0,0,0,0,0,0,0,1,0,0,0,0,1,0,0,0,0,1,0
643,Roberto Mieres,17,0,0,,0,0,0,3,2,2,1,0,0,0,2,0,2,1,2,0,0,1,0,0,1,0,0,0,0,9,0
661,Peter Walker,4,0,0,,0,0,0,0,0,0,1,0,0,0,0,0,0,0,0,1,0,0,1,1,0,0,0,0,0,3,0
664,Kenneth McAlpine,7,0,0,,0,0,0,0,0,0,0,0,0,0,1,0,2,0,0,1,0,0,0,0,3,0,0,0,1,4,0
692,Theo Helfrich,3,0,0,,0,0,0,0,0,0,0,0,0,0,0,1,0,1,0,0,0,0,0,0,1,0,0,0,0,2,0
694,Giovanni de Riu,1,0,0,,0,0,0,0,0,0,0,0,0,0,0,0,0,0,0,0,0,0,0,0,1,0,0,1,0,0,0
702,Bob Scott,5,0,0,,0,0,0,0,0,0,0,0,0,0,0,1,0,0,0,0,0,1,0,0,3,0,0,0,0,3,0
748,Eitel Cantoni,3,0,0,,0,0,0,0,0,0,0,0,0,0,1,0,0,0,0,0,0,0,1,0,1,0,0,0,0,2,0
700,Carl Scarborough,2,0,0,,0,0,0,0,0,0,0,0,0,0,0,1,0,0,0,0,0,1,0,0,0,0,0,0,0,1,0
777,Philip Fotheringham-Parker,1,0,0,,0,0,0,0,0,0,0,0,0,0,0,0,0,0,0,0,1,0,0,0,0,0,0,0,0,1,0
789,Eugène Martin,2,0,0,,0,0,0,0,0,0,0,0,0,0,0,0,0,1,0,0,0,0,1,0,0,0,0,0,0,2,0
793,Raymond Sommer,5,0,0,,0,0,0,1,0,0,0,0,0,1,0,1,0,0,1,0,1,0,0,0,0,0,0,0,0,4,0
764,Guy Mairesse,3,0,0,,0,0,0,0,0,0,0,0,1,0,1,0,0,1,0,0,0,0,0,0,0,0,0,0,0,1,0
591,George Amick,1,1,0,,0,1,0,0,0,0,0,0,0,0,0,0,0,0,0,0,0,0,0,0,0,0,0,0,0,0,0
603,André Guelfi,1,0,0,,0,0,0,0,0,0,0,0,0,0,0,0,0,0,1,0,0,0,0,0,0,0,0,0,0,0,0
619,Bob Gerard,7,0,0,,0,0,0,0,0,3,0,0,0,1,3,0,0,0,0,0,0,0,0,0,0,0,0,0,0,0,0
662,Mike Sparken,1,0,0,,0,0,0,0,0,0,1,0,0,0,0,0,0,0,0,0,0,0,0,0,0,0,0,0,0,0,0
736,Roger Laurent,2,0,0,,0,0,0,0,0,1,0,0,0,0,0,1,0,0,0,0,0,0,0,0,0,0,0,0,0,0,0
752,Helmut Niedermayr,1,0,0,,0,0,0,0,0,0,0,0,1,0,0,0,0,0,0,0,0,0,0,0,0,0,0,0,0,0,0
753,Hans Klenk,1,0,0,,0,0,0,0,0,0,0,0,0,0,1,0,0,0,0,0,0,0,0,0,0,0,0,0,0,0,0
788,Joe Fry,1,0,0,,0,0,0,0,0,0,0,0,0,1,0,0,0,0,0,0,0,0,0,0,0,0,0,0,0,0,0
804,Johnny Mantz,1,0,0,,0,0,0,0,0,0,0,0,0,0,0,0,0,0,0,0,1,0,0,0,0,0,0,0,0,0,0
54,Luciano Burti,15,0,0,,0,0,0,0,0,0,0,2,0,2,4,1,0,0,0,1,1,2,0,0,2,0,0,0,0,6,0
61,Tomáš Enge,3,0,0,,0,0,0,0,0,0,0,0,0,0,0,1,0,1,0,0,0,0,1,0,0,0,0,0,0,1,0
64,Pedro Diniz,99,0,0,,0,0,0,0,2,6,4,5,3,7,7,7,4,4,6,6,3,5,5,4,21,0,0,0,2,57,1
72,Stéphane Sarrazin,1,0,0,,0,0,0,0,0,0,0,0,0,0,0,0,0,0,0,1,0,0,0,0,0,0,0,0,0,1,0
75,Shinji Nakano,33,0,0,,0,0,0,0,0,2,3,2,1,1,3,1,3,2,3,1,3,3,0,2,3,0,0,0,0,15,0
79,Ukyo Katayama,97,0,0,,0,0,0,0,2,1,3,2,4,5,5,5,2,5,11,4,7,6,6,5,24,1,0,2,0,61,0
80,Vincenzo Sospiri,1,0,0,,0,0,0,0,0,0,0,0,0,0,0,0,0,0,0,0,0,0,0,0,1,0,0,1,0,0,0
136,Jan Lammers,41,0,0,,0,0,0,0,0,0,0,0,1,3,1,5,0,3,0,3,1,1,0,1,22,0,0,17,1,11,0
151,Martin Donnelly,15,0,0,,0,0,0,0,0,0,1,2,0,0,0,3,0,1,0,1,1,0,0,0,6,0,0,0,0,8,1
159,Luis Pérez-Sala,32,0,0,,0,0,0,0,0,1,0,2,0,2,2,3,1,2,3,5,0,0,0,1,10,0,0,6,1,14,0
167,Adrián Campos,21,0,0,,0,0,0,0,0,0,0,0,0,1,0,0,0,2,1,2,1,0,2,0,12,1,0,3,0,14,1
181,Manfred Winkelhock,55,0,0,,0,0,0,0,1,1,0,3,1,3,3,3,1,3,2,3,3,5,0,1,22,3,0,6,2,30,1
168,Jean-Louis Schlesser,2,0,0,,0,0,0,0,0,0,0,0,0,0,1,0,0,0,0,0,0,0,0,0,1,0,0,1,0,0,0
813,Pastor Maldonado,96,1,1,0,1,0,0,0,1,0,3,4,2,3,8,7,5,12,6,9,4,6,7,6,12,0,0,0,0,28,1
828,Marcus Ericsson,97,0,0,0,0,0,0,0,0,0,0,1,4,6,9,5,7,9,15,7,9,9,5,8,3,0,0,0,0,23,0
833,Roberto Merhi,13,0,0,0,0,0,0,0,0,0,0,0,0,0,0,1,1,1,3,3,1,2,1,0,0,0,0,0,0,1,0
842,Pierre Gasly,146,4,0,3,1,1,2,4,5,12,10,8,13,10,15,9,13,10,4,6,2,7,3,11,0,0,0,0,0,18,1
857,Oscar Piastri,38,7,0,3,1,5,1,6,2,1,2,5,1,2,2,1,2,1,1,1,1,0,1,2,0,0,0,0,0,3,0
856,Nyck de Vries,11,0,0,0,0,0,0,0,0,0,0,0,1,0,0,1,0,3,1,0,2,2,0,1,0,0,0,0,0,1,0
4,Fernando Alonso,396,106,22,25,32,40,34,28,29,24,28,21,17,14,19,7,11,10,6,14,10,17,13,10,12,0,0,0,0,67,2
84,Martin Brundle,165,9,0,,0,2,7,8,12,11,7,11,8,8,9,10,7,9,3,6,5,5,5,8,24,8,0,7,3,64,0
95,Nigel Mansell,192,59,32,,31,17,11,8,6,9,4,2,2,1,3,5,5,13,6,4,7,6,8,9,35,3,0,2,1,85,3
106,Olivier Beretta,10,0,0,,0,0,0,0,0,0,1,1,1,0,0,0,0,1,0,0,0,2,0,1,3,0,0,0,0,6,0
128,Eric van de Poele,29,0,0,,0,0,0,0,0,0,0,0,1,1,0,0,1,0,0,0,0,0,0,0,26,0,0,23,0,2,1
191,Mike Thackwell,5,0,0,,0,0,0,0,0,0,0,0,0,0,0,0,0,0,0,0,0,0,0,0,5,0,0,3,0,2,0
195,Roberto Guerrero,29,0,0,,0,0,0,0,0,0,0,1,0,0,0,2,2,1,1,1,1,3,2,2,13,0,0,7,3,13,1
193,Danny Sullivan,15,0,0,,0,0,0,0,1,0,1,1,0,1,1,2,0,1,1,0,0,2,0,0,4,1,0,0,0,7,0
203,Gilles Villeneuve,68,13,2,,6,5,2,2,3,3,5,5,2,3,2,5,2,2,1,5,1,0,2,4,8,2,0,0,0,26,1
207,Mario Andretti,129,19,18,,12,2,5,7,7,5,7,4,2,4,3,6,2,2,6,6,8,6,4,10,21,1,0,1,0,65,0
210,Tommy Byrne,5,0,0,,0,0,0,0,0,0,0,0,0,0,0,1,0,0,0,1,0,0,0,0,3,0,0,3,0,2,0
216,Siegfried Stohr,13,0,0,,0,0,0,0,0,0,1,0,1,0,0,1,0,0,0,0,0,1,2,1,6,0,0,4,0,6,0
224,Emerson Fittipaldi,149,35,6,,14,13,8,9,5,8,4,8,5,2,8,3,7,2,4,1,6,6,5,6,25,0,0,3,3,47,2
243,Rolf Stommelen,61,1,0,,0,0,1,0,4,2,3,1,2,4,4,7,2,4,4,3,0,2,3,4,11,2,0,7,0,18,0
264,Andy Sutcliffe,1,0,0,,0,0,0,0,0,0,0,0,0,0,0,0,0,0,0,0,0,0,0,0,1,0,0,1,0,0,0
265,Guy Edwards,16,0,0,,0,0,0,0,0,0,1,1,0,0,1,1,0,0,2,0,2,0,0,1,7,0,0,4,0,3,1
274,Noritake Takahara,2,0,0,,0,0,0,0,0,0,0,0,1,0,0,0,0,0,0,0,0,0,0,0,1,0,0,0,0,1,0
278,Chris Amon,106,11,5,,0,3,8,4,7,7,4,6,5,5,3,7,4,4,8,4,3,4,3,2,15,0,0,4,1,44,6
282,Damien Magee,2,0,0,,0,0,0,0,0,0,0,0,0,0,0,0,0,1,0,0,0,0,0,0,1,0,0,1,0,0,0
275,Lella Lombardi,17,0,0,,0,0,0,0,0,1,1,0,0,0,0,1,0,2,0,1,1,2,0,0,8,0,0,4,0,5,1
295,Roelof Wunderink,6,0,0,,0,0,0,0,0,0,0,0,0,0,0,0,0,2,0,0,0,1,0,0,3,0,0,3,1,2,0
307,Howden Ganley,39,0,0,,0,0,0,2,1,2,2,3,3,4,2,2,1,2,0,1,4,1,1,2,6,0,0,3,4,11,0
311,Tom Belsø,4,0,0,,0,0,0,0,0,0,0,1,0,0,0,0,0,0,0,0,0,0,0,0,3,0,0,2,0,1,0
313,Rikky von Opel,13,0,0,,0,0,0,0,0,0,0,0,2,0,0,0,1,1,1,0,0,0,0,1,7,0,0,2,1,5,1
306,Jean-Pierre Beltoise,87,8,0,,1,3,4,3,10,5,5,6,6,4,3,3,5,0,2,3,1,2,3,5,13,0,0,2,2,34,0
304,Denny Hulme,112,33,1,,8,9,16,11,8,9,7,5,1,1,1,4,4,5,7,3,0,5,2,1,5,0,0,0,0,34,0
314,Tim Schenken,36,1,0,,0,0,1,0,1,1,1,1,1,3,2,2,0,4,1,0,2,2,2,1,11,1,0,2,1,16,0
339,Alex Soler-Roig,9,0,0,,0,0,0,0,0,0,0,0,0,0,0,0,0,0,0,2,0,0,0,0,7,0,0,3,0,6,0
343,Bill Brack,3,0,0,,0,0,0,0,0,0,0,1,0,0,0,0,0,0,0,0,0,1,0,0,1,0,0,0,1,2,0
346,Jo Siffert,100,6,2,,2,2,2,7,2,5,8,8,10,8,6,7,4,3,5,3,9,0,3,3,3,1,0,3,1,42,1
354,Chris Craft,2,0,0,,0,0,0,0,0,0,0,0,0,0,0,0,0,0,0,0,0,0,0,0,2,0,0,1,0,1,0
370,Richard Attwood,17,1,0,,0,1,0,1,0,2,2,0,0,2,0,2,2,3,0,0,1,0,0,0,1,0,0,0,0,4,1
377,Jo Schlesser,2,0,0,,0,0,0,0,0,0,0,0,0,0,0,0,0,0,0,0,1,0,0,0,1,0,0,0,0,2,0
380,Frank Gardner,9,0,0,,0,0,0,0,0,0,0,1,0,0,1,1,0,1,0,1,0,0,2,0,2,0,0,1,0,5,0
384,Luki Botha,1,0,0,,0,0,0,0,0,0,0,1,0,0,0,0,0,0,0,0,0,0,0,0,0,0,0,0,1,0,0
386,Richie Ginther,54,14,0,,1,8,5,6,5,4,3,5,0,0,2,0,1,4,3,2,0,1,3,0,1,0,0,1,1,12,1
391,Brian Hart,1,0,0,,0,0,0,0,0,0,0,0,0,0,0,0,0,1,0,0,0,0,0,0,0,0,0,0,1,0,0
394,Giancarlo Baghetti,26,1,0,,1,0,0,1,1,0,1,2,0,4,0,1,0,0,2,0,0,1,5,0,7,0,0,0,1,10,5
416,David Clapham,1,0,0,,0,0,0,0,0,0,0,0,0,0,0,0,0,0,0,0,0,0,0,0,1,0,0,0,0,0,1
418,Masten Gregory,46,3,0,,0,1,2,3,0,2,2,2,1,2,3,4,3,2,1,4,2,2,5,2,3,0,0,3,0,17,4
419,John Rhodes,1,0,0,,0,0,0,0,0,0,0,0,0,0,0,0,0,0,0,1,0,0,0,0,0,0,0,0,0,1,0
428,Bernard Collomb,6,0,0,,0,0,0,0,0,0,0,0,0,1,0,0,0,0,0,0,1,0,2,0,2,0,0,2,1,2,0
430,Carel Godin de Beaufort,31,0,0,,0,0,0,0,0,4,2,1,2,5,4,0,1,4,0,1,1,2,1,1,2,0,0,2,0,5,1
431,Edgar Barth,7,0,0,,0,0,0,0,0,1,1,0,0,0,0,1,0,0,0,0,0,1,0,1,2,0,0,0,0,2,2
446,Carlo Abate,2,0,0,,0,0,0,0,0,0,0,0,0,0,0,0,0,0,0,0,0,0,0,0,2,0,0,0,0,0,2
449,Rodger Ward,12,2,0,,1,1,0,0,0,0,0,1,0,1,0,0,0,1,0,1,0,0,0,1,5,0,0,0,0,8,0
454,Ricardo Rodríguez,6,0,0,,0,0,0,1,0,1,0,0,0,1,0,0,0,1,0,0,1,0,0,0,1,0,0,0,0,2,1
453,Jackie Lewis,11,0,0,,0,0,0,1,0,0,0,1,2,1,0,1,0,0,0,0,1,1,0,0,3,0,0,1,0,4,1
485,Juan Manuel Bordeu,1,0,0,,0,0,0,0,0,0,0,0,0,0,0,0,0,0,0,0,0,0,0,0,1,0,0,0,0,0,1
491,Alfonso Thiele,2,0,0,,0,0,0,0,0,0,0,0,0,0,0,1,0,0,0,0,0,0,0,0,1,0,0,0,0,1,1
501,Harry Schell,64,2,0,,0,1,1,3,7,4,8,2,4,2,1,8,3,1,5,4,1,2,3,1,3,0,0,0,0,32,1
547,Horace Gould,18,0,0,,0,0,0,0,1,0,0,1,1,1,0,0,2,3,2,1,2,1,1,0,2,0,0,1,0,9,3
541,Ron Flockhart,15,1,0,,0,0,1,0,0,2,1,1,1,0,0,0,1,0,1,1,1,0,0,1,4,0,0,2,0,8,0
559,Pat Flaherty,6,1,1,,1,0,0,0,0,0,0,0,0,2,0,0,0,0,0,0,0,0,1,0,2,0,0,0,0,3,0
567,Fritz d'Orey,3,0,0,,0,0,0,0,0,0,0,0,0,1,0,0,1,0,1,0,0,0,0,0,0,0,0,0,0,2,0
496,Carlos Menditeguy,12,1,0,,0,0,1,1,1,0,1,1,1,2,0,0,0,1,0,0,1,1,0,0,1,0,0,0,0,7,1
498,José Froilán González,29,15,3,,2,7,6,2,1,0,0,0,0,2,0,2,0,0,0,3,1,1,0,1,1,0,0,0,0,10,0
524,Jim Hurtubise,1,0,0,,0,0,0,0,0,0,0,0,0,0,0,0,0,0,0,0,0,1,0,0,0,0,0,0,0,0,0
543,Giulio Cabianca,4,0,0,,0,0,0,1,0,0,0,0,1,0,0,0,0,0,1,0,0,0,0,0,1,0,0,1,0,1,0
557,Chuck Arnold,1,0,0,,0,0,0,0,0,0,0,0,0,0,0,0,0,0,1,0,0,0,0,0,0,0,0,0,0,0,0
587,Bernie Ecclestone,1,0,0,,0,0,0,0,0,0,0,0,0,0,0,0,0,0,0,0,0,0,0,0,1,0,0,1,0,0,0
605,Tom Bridger,1,0,0,,0,0,0,0,0,0,0,0,0,0,0,0,0,0,0,0,0,0,1,0,0,0,0,0,0,1,0
579,Juan Fangio,58,35,29,,24,10,1,6,0,0,0,1,2,1,2,3,3,1,4,0,0,0,0,0,0,0,0,0,0,14,0
620,Umberto Maglioli,10,2,0,,0,0,2,0,0,1,1,1,1,0,0,0,1,0,1,0,1,0,0,0,1,0,0,0,0,4,0
627,Louis Rosier,39,2,0,,0,0,2,2,2,2,4,6,4,5,0,1,2,0,0,2,1,0,1,3,2,0,0,0,0,13,0
624,Hernando da Silva Ramos,8,0,0,,0,0,0,0,1,0,0,2,0,0,0,0,1,0,1,2,0,0,0,0,1,0,0,0,0,5,0
635,Colin Chapman,1,0,0,,0,0,0,0,0,0,0,0,0,0,0,0,0,0,0,0,0,0,0,1,0,0,0,0,0,0,1
651,Lance Macklin,15,0,0,,0,0,0,0,0,0,0,2,1,0,1,0,2,0,1,1,1,0,1,1,4,0,0,2,0,7,1
611,Sam Hanks,9,4,0,,1,1,2,0,0,0,0,0,0,0,1,1,0,0,0,0,0,0,1,1,1,0,0,0,0,4,0
593,Johnnie Parsons,10,1,0,,1,0,0,1,0,0,0,0,0,1,1,1,0,0,0,1,0,0,0,0,4,0,0,0,0,4,0
686,Reg Parnell,7,1,0,,0,0,1,1,1,0,1,0,0,0,0,0,1,0,0,0,0,0,0,0,2,0,0,0,0,2,1
690,Rodney Nuckey,2,0,0,,0,0,0,0,0,0,0,0,0,0,1,0,0,0,0,0,0,0,0,0,1,0,0,0,0,0,1
628,Bob Sweikert,5,1,0,,1,0,0,0,0,1,0,0,0,0,0,0,0,1,0,0,0,0,0,1,1,0,0,0,0,2,0
703,Arthur Legat,2,0,0,,0,0,0,0,0,0,0,0,0,0,0,0,1,0,0,0,0,0,0,1,0,0,0,0,0,1,0
705,Tony Crook,2,0,0,,0,0,0,0,0,0,0,0,0,0,0,0,0,0,0,0,0,0,0,0,2,0,0,0,0,1,0
714,Kurt Adolff,1,0,0,,0,0,0,0,0,0,0,0,0,0,0,0,0,0,0,0,0,0,0,0,1,0,0,0,0,1,0
699,Duke Nalon,3,0,1,,0,0,0,0,0,0,0,0,0,1,1,0,0,0,0,0,0,0,0,0,1,0,0,0,0,2,0
734,Bobby Ball,2,0,0,,0,0,0,0,1,0,0,0,0,0,0,0,0,0,0,0,0,0,0,0,1,0,0,0,0,1,0
750,Adolf Brudes,1,0,0,,0,0,0,0,0,0,0,0,0,0,0,0,0,0,0,1,0,0,0,0,0,0,0,0,0,1,0
710,Rudolf Krause,2,0,0,,0,0,0,0,0,0,0,0,0,0,0,0,0,1,0,0,0,0,0,1,0,0,0,0,0,1,0
746,Gino Bianco,4,0,0,,0,0,0,0,0,0,0,0,0,0,0,0,0,0,0,0,1,2,0,0,1,0,0,0,0,3,0
653,Jimmy Davies,6,1,0,,0,0,1,0,0,0,0,0,0,1,1,0,0,0,0,1,1,0,0,1,0,0,0,0,0,2,0
772,Mack Hellings,2,0,0,,0,0,0,0,0,0,0,0,0,0,0,0,1,0,0,0,0,0,0,0,1,0,0,0,0,1,0
763,Consalvo Sanesi,5,0,0,,0,0,0,1,0,1,0,0,0,1,1,0,0,0,0,0,0,0,0,0,1,0,0,0,0,2,0
775,Aldo Gordini,1,0,0,,0,0,0,0,0,0,0,0,0,0,0,0,0,0,1,0,0,0,0,0,0,0,0,0,0,1,0
811,Bruno Senna,46,0,0,1,0,0,0,0,0,1,2,1,2,5,0,2,2,2,3,5,5,1,3,2,10,0,0,0,0,11,0
812,Karun Chandhok,11,0,0,0,0,0,0,0,0,0,0,0,0,0,0,0,0,2,1,0,1,2,1,2,2,0,0,0,0,2,0
737,Robert O'Brien,1,0,0,,0,0,0,0,0,0,0,0,0,0,0,0,0,1,0,0,0,0,0,0,0,0,0,0,0,0,0
795,Myron Fohr,1,0,0,,0,0,0,0,0,0,0,0,0,0,1,0,0,0,0,0,0,0,0,0,0,0,0,0,0,0,0
57,Mika Häkkinen,165,51,26,,20,14,17,13,10,9,4,3,5,2,0,4,5,4,3,3,6,9,7,5,22,1,0,2,0,57,2
65,Johnny Herbert,165,7,0,,3,1,3,11,6,5,17,10,4,12,10,7,6,5,4,6,7,9,5,6,28,1,0,3,0,70,1
68,Toranosuke Takagi,32,0,0,,0,0,0,0,0,0,1,1,2,0,1,2,5,2,3,5,0,3,0,1,6,1,0,0,0,19,0
78,Nicola Larini,75,1,0,,0,1,0,0,0,1,4,0,1,5,6,4,1,2,0,3,0,1,1,2,43,1,1,25,0,22,0
142,Pedro Chaves,13,0,0,,0,0,0,0,0,0,0,0,0,0,0,0,0,0,0,0,0,0,0,0,13,0,0,13,0,0,0
165,Oscar Larrauri,21,0,0,,0,0,0,0,0,0,0,0,0,0,0,0,1,0,0,1,1,1,0,1,16,0,0,13,0,6,0
166,Philippe Streiff,54,1,0,,0,0,1,1,1,2,2,5,6,4,5,5,1,0,2,3,1,0,0,2,13,0,0,0,0,24,0
179,Huub Rothengatter,28,0,0,,0,0,0,0,0,0,1,2,2,0,1,1,0,3,3,0,3,3,0,1,8,0,0,2,5,15,0
180,Allen Berg,9,0,0,,0,0,0,0,0,0,0,0,0,0,0,1,1,0,1,1,0,1,0,1,3,0,0,0,1,5,0
183,François Hesnault,20,0,0,,0,0,0,0,0,0,1,2,0,2,0,0,0,0,2,0,0,0,1,1,11,0,0,1,0,14,0
821,Esteban Gutiérrez,59,0,0,1,0,0,0,0,0,0,1,0,0,0,7,6,8,9,5,4,4,1,6,5,3,0,0,0,0,13,0
824,Jules Bianchi,34,0,0,0,0,0,0,0,0,0,0,0,1,0,0,0,1,2,5,5,3,8,3,3,3,0,0,0,1,5,0
838,Stoffel Vandoorne,42,0,0,0,0,0,0,0,0,0,2,2,2,2,3,8,3,7,4,3,0,3,2,1,0,0,0,0,0,8,0
843,Brendon Hartley,25,0,0,0,0,0,0,0,0,0,0,0,1,2,2,2,2,3,2,0,4,1,3,3,0,0,0,0,0,8,0
849,Nicholas Latifi,61,0,0,0,0,0,0,0,0,0,1,0,2,0,4,2,0,4,7,14,7,11,8,1,0,0,0,0,0,10,0
859,Liam Lawson,5,0,0,0,0,0,0,0,0,0,0,0,1,0,2,0,1,0,0,0,1,0,0,0,0,0,0,0,0,0,0
861,Franco Colapinto ,1,0,0,0,0,0,0,0,0,0,0,0,0,0,0,1,0,0,0,0,0,0,0,0,0,0,0,0,0,0,0
13,Felipe Massa,271,41,16,15,11,13,17,21,21,27,18,16,26,17,9,6,12,7,10,4,5,5,9,6,11,1,1,0,0,38,2
17,Mark Webber,217,42,13,19,9,16,17,17,10,14,16,12,13,9,10,8,4,3,4,6,8,6,7,16,12,0,0,0,2,53,2
18,Jenson Button,309,50,8,8,15,15,20,24,27,19,12,20,15,14,15,17,9,12,10,10,10,12,8,11,14,1,0,0,0,62,3
7,Sébastien Bourdais,27,0,0,0,0,0,0,0,0,0,2,2,0,3,2,2,3,1,1,0,1,4,3,2,1,0,0,0,0,7,0
5,Heikki Kovalainen,112,4,1,2,1,2,1,4,7,3,5,6,4,3,2,3,6,10,7,11,11,11,4,3,8,0,0,0,1,19,1
6,Kazuki Nakajima,36,0,0,0,0,0,0,0,0,1,2,2,2,2,1,5,4,3,7,0,2,3,1,1,0,0,0,0,0,6,0
24,Vitantonio Liuzzi,81,0,0,0,0,0,0,0,0,2,1,2,5,4,3,3,8,7,5,6,5,3,2,6,19,0,0,1,0,25,0
33,Tiago Monteiro,37,1,0,0,0,0,1,0,0,0,0,1,1,2,1,3,7,1,5,6,4,1,0,1,3,1,0,0,0,7,0
37,Pedro de la Rosa,107,1,0,1,0,1,0,0,4,4,2,5,1,4,7,9,3,6,1,6,9,9,4,8,24,0,0,1,0,49,1
43,Cristiano da Matta,28,0,0,0,0,0,0,0,0,3,2,0,3,3,4,2,2,2,0,1,0,3,2,1,0,1,0,0,0,7,0
52,Ralph Firman,14,0,0,,0,0,0,0,0,0,0,1,0,1,2,1,2,1,1,0,1,2,1,1,0,0,0,0,0,6,0
49,Heinz-Harald Frentzen,159,18,2,,3,3,12,12,10,16,8,9,6,3,8,5,5,7,4,2,6,10,6,11,13,1,0,1,0,59,2
91,Karl Wendlinger,42,0,0,,0,0,0,3,1,3,0,1,1,2,2,2,4,1,2,2,3,1,1,3,10,0,0,0,0,23,1
104,Christian Fittipaldi,43,0,0,,0,0,0,3,1,1,1,8,4,0,2,2,4,2,2,2,2,0,2,1,6,1,0,3,0,13,0
113,Philippe Adams,2,0,0,,0,0,0,0,0,0,0,0,0,0,0,0,0,0,0,1,0,0,0,0,1,0,0,0,0,1,0
114,Yannick Dalmas,50,0,0,,0,0,0,0,1,0,2,0,4,0,1,1,2,3,0,1,1,0,2,0,32,0,0,26,1,8,0
188,Johnny Cecotto,23,0,0,,0,0,0,0,0,1,0,0,1,1,2,2,1,0,1,0,2,1,0,0,11,0,0,5,1,10,0
190,Corrado Fabi,18,0,0,,0,0,0,0,0,0,1,0,0,1,1,0,0,1,1,1,0,1,1,3,7,0,0,5,0,9,1
197,Jean-Pierre Jarier,143,3,3,,0,0,3,2,6,3,5,9,8,7,8,9,4,9,7,5,4,8,9,4,33,0,0,5,5,67,3
192,Chico Serra,32,0,0,,0,0,0,0,0,1,3,2,0,0,4,0,0,1,0,1,1,1,1,0,17,0,0,13,0,7,1
202,Didier Pironi,72,13,4,,3,3,7,3,6,7,2,2,4,6,1,1,0,1,3,1,1,3,1,3,14,1,0,0,0,25,2
215,Miguel Ángel Guerra,4,0,0,,0,0,0,0,0,0,0,0,0,0,0,0,0,0,0,0,0,0,0,0,4,0,0,3,0,1,0
218,Ricardo Londoño,1,0,0,,0,0,0,0,0,0,0,0,0,0,0,0,0,0,0,0,0,0,0,0,1,0,0,0,0,0,1
220,Giorgio Francia,2,0,0,,0,0,0,0,0,0,0,0,0,0,0,0,0,0,0,0,0,0,0,0,2,0,0,2,0,0,0
221,Patrick Depailler,95,19,1,,2,10,7,6,6,5,3,5,5,0,3,2,4,2,1,5,4,4,3,4,14,0,0,0,2,39,0
222,Jody Scheckter,113,33,3,,10,14,9,9,7,4,3,5,5,4,2,4,5,3,1,5,5,2,3,2,11,0,0,1,0,35,0
230,Vittorio Brambilla,78,1,1,,1,0,0,1,2,5,5,4,3,4,1,4,4,3,3,0,7,4,2,2,23,1,0,4,0,36,0
250,Carlos Pace,73,6,1,,1,3,2,5,3,2,2,6,4,2,2,2,3,1,3,3,4,2,5,4,14,0,0,1,2,33,0
256,Larry Perkins,15,0,0,,0,0,0,0,0,0,0,1,0,0,0,1,1,0,1,0,1,0,0,2,8,0,0,4,0,6,0
263,Mikko Kozarowitzky,2,0,0,,0,0,0,0,0,0,0,0,0,0,0,0,0,0,0,0,0,0,0,0,2,0,0,2,0,0,0
258,Patrick Nève,13,0,0,,0,0,0,0,0,0,1,0,1,2,0,1,0,1,1,0,0,2,0,0,4,0,0,3,0,2,0
266,Brian McGuire,1,0,0,,0,0,0,0,0,0,0,0,0,0,0,0,0,0,0,0,0,0,0,0,1,0,0,1,0,0,0
276,Bob Evans,12,0,0,,0,0,0,0,0,0,0,0,1,1,0,0,1,0,1,0,2,0,1,0,5,0,0,2,0,5,0
296,François Migault,15,0,0,,0,0,0,0,0,0,0,0,0,0,0,0,1,1,3,4,0,1,1,0,4,0,0,1,2,7,1
286,Warwick Brown,1,0,0,,0,0,0,0,0,0,0,0,0,0,0,0,0,1,0,0,0,0,0,0,0,0,0,0,0,0,0
293,Dave Charlton,13,0,0,,0,0,0,0,0,0,1,0,0,0,0,1,0,1,0,0,0,0,2,0,8,0,0,2,1,7,0
310,Paddy Driver,2,0,0,,0,0,0,0,0,0,0,0,0,0,0,0,0,0,0,0,0,0,0,0,2,0,0,0,0,1,1
320,Peter Gethin,30,1,0,,1,0,0,0,0,2,0,1,3,2,0,0,2,2,4,0,1,1,1,2,8,0,0,0,3,16,0
321,Derek Bell,14,0,0,,0,0,0,0,0,1,0,0,0,0,1,0,0,0,0,1,1,0,2,1,7,0,0,5,0,7,0
340,John Love,10,1,0,,0,1,0,0,0,0,0,2,2,0,0,0,0,0,0,2,0,0,1,0,2,0,0,1,0,3,0
347,Jo Bonnier,109,1,1,,1,0,0,1,9,9,14,7,3,7,7,4,5,3,10,5,3,4,5,3,9,0,0,3,5,50,1
356,Jack Brabham,129,31,13,,14,10,7,13,5,7,5,4,4,4,6,8,7,7,6,6,2,1,4,1,8,1,0,0,0,53,2
363,Ignazio Giunti,4,0,0,,0,0,0,1,0,0,1,0,0,0,0,0,0,1,0,1,0,0,0,0,0,0,0,0,0,1,0
367,Peter Westbury,1,0,0,,0,0,0,0,0,0,0,0,0,0,0,0,0,0,0,0,0,0,0,0,1,0,0,1,0,0,0
362,Peter de Klerk,4,0,0,,0,0,0,0,0,0,0,0,1,1,1,0,0,0,1,0,0,0,0,0,0,0,0,0,1,1,0
372,John Cordts,1,0,0,,0,0,0,0,0,0,0,0,0,0,0,0,0,0,0,0,1,0,0,0,0,0,0,0,0,1,0
376,Lucien Bianchi,19,1,0,,0,0,1,0,0,2,0,0,2,1,1,1,0,2,0,1,0,2,2,4,0,0,0,2,2,9,0
381,Bobby Unser,1,0,0,,0,0,0,0,0,0,0,0,0,0,0,0,0,0,0,0,1,0,0,0,0,0,0,0,0,1,0
385,Lorenzo Bandini,44,8,1,,1,2,5,2,4,3,1,4,3,2,2,1,2,1,2,2,0,1,0,2,4,0,0,0,1,13,2
379,Kurt Ahrens,2,0,0,,0,0,0,0,0,0,0,0,0,0,0,1,0,0,0,0,0,0,0,0,1,0,0,0,0,1,0
398,Vic Wilson,2,0,0,,0,0,0,0,0,0,0,0,0,0,0,0,0,0,1,0,0,1,0,0,0,0,0,0,0,1,1
400,Chris Lawrence,2,0,0,,0,0,0,0,0,0,0,0,0,0,2,0,0,0,0,0,0,0,0,0,0,0,0,0,0,1,0
409,Trevor Blokdyk,2,0,0,,0,0,0,0,0,0,0,0,0,0,0,1,0,0,0,0,0,0,0,0,1,0,0,1,0,0,0
414,Clive Puzey,1,0,0,,0,0,0,0,0,0,0,0,0,0,0,0,0,0,0,0,0,0,0,0,1,0,0,1,0,0,0
420,Ian Raby,7,0,0,,0,0,0,0,0,0,0,0,0,0,1,0,0,0,0,0,1,1,0,0,4,0,0,4,0,2,0
438,Tony Settember,10,0,0,,0,0,0,0,0,0,0,1,0,0,1,0,0,0,0,1,0,1,1,2,3,0,0,1,0,4,3
444,Roberto Lippi,3,0,0,,0,0,0,0,0,0,0,0,0,0,0,0,0,0,0,0,0,0,0,0,3,0,0,2,0,1,0
459,Tony Marsh,9,0,0,,0,0,0,0,0,0,0,1,0,0,0,0,0,0,2,0,0,0,1,0,5,0,0,0,0,1,5
481,Henry Taylor,10,0,0,,0,0,0,1,0,0,1,1,0,1,2,0,0,1,0,0,0,1,0,0,2,0,0,1,0,1,1
479,Tony Brooks,41,10,4,,6,2,2,1,3,0,2,0,4,0,1,1,3,2,1,1,3,2,1,1,5,0,0,0,0,18,1
494,Lloyd Ruby,2,0,0,,0,0,0,0,0,0,1,0,0,0,0,0,0,1,0,0,0,0,0,0,0,0,0,0,0,1,0
503,Ettore Chimeri,1,0,0,,0,0,0,0,0,0,0,0,0,0,0,0,0,0,0,0,0,0,0,1,0,0,0,0,0,1,0
507,Chuck Daigh,6,0,0,,0,0,0,0,0,0,0,0,0,1,0,1,0,0,0,0,0,0,0,1,3,0,0,1,0,2,2
542,David Piper,3,0,0,,0,0,0,0,0,0,0,0,0,0,0,1,0,0,0,0,0,0,0,0,2,0,0,0,0,1,1
511,Don Branson,2,0,0,,0,0,0,1,0,0,0,0,0,0,0,0,0,0,0,0,0,0,0,0,1,0,0,0,0,1,0
516,Bob Christie,5,0,0,,0,0,0,0,0,0,0,0,0,1,0,0,2,1,0,0,0,0,0,0,1,0,0,0,0,2,0
395,Jonathan Williams,1,0,0,,0,0,0,0,0,0,0,1,0,0,0,0,0,0,0,0,0,0,0,0,0,0,0,0,0,0,0
448,Peter Broeker,1,0,0,,0,0,0,0,0,0,1,0,0,0,0,0,0,0,0,0,0,0,0,0,0,0,0,0,0,0,0
493,Peter Ryan,1,0,0,,0,0,0,0,0,0,0,0,1,0,0,0,0,0,0,0,0,0,0,0,0,0,0,0,0,0,0
515,Bud Tingelstad,1,0,0,,0,0,0,0,0,0,0,0,1,0,0,0,0,0,0,0,0,0,0,0,0,0,0,0,0,0,0
520,Gene Hartley,9,0,0,,0,0,0,0,0,0,0,0,1,1,2,0,0,1,0,1,0,0,0,0,3,0,0,0,0,2,0
531,Anthony Foyt,3,0,0,,0,0,0,0,0,0,0,0,0,1,0,0,0,0,0,1,0,0,0,0,1,0,0,0,0,1,0
544,Piero Drogo,1,0,0,,0,0,0,0,0,0,0,1,0,0,0,0,0,0,0,0,0,0,0,0,0,0,0,0,0,0,0
545,Fred Gamble,1,0,0,,0,0,0,0,0,0,0,0,0,1,0,0,0,0,0,0,0,0,0,0,0,0,0,0,0,0,0
548,Bob Drake,1,0,0,,0,0,0,0,0,0,0,0,0,0,0,0,1,0,0,0,0,0,0,0,0,0,0,0,0,0,0
584,Bruce Kessler,1,0,0,,0,0,0,0,0,0,0,0,0,0,0,0,0,0,0,0,0,0,0,1,0,0,0,1,0,0,0
597,Pat O'Connor,5,0,1,,0,0,0,0,0,0,0,2,0,0,0,0,0,0,0,0,0,1,0,0,2,0,0,0,0,2,0
604,François Picard,1,0,0,,0,0,0,0,0,0,0,0,0,0,0,0,0,0,0,0,0,1,0,0,0,0,0,0,0,1,0
615,Fred Agabashian,8,0,1,,0,0,0,1,0,1,0,0,0,0,0,1,0,0,0,0,1,0,0,0,4,0,0,0,0,5,0
648,Karl Kling,12,2,0,,0,1,1,2,1,0,1,0,1,1,1,0,0,1,1,0,0,1,0,0,0,0,0,0,0,6,0
663,Ken Wharton,16,0,0,,0,0,0,1,0,1,1,3,2,1,0,1,0,0,0,0,1,0,1,2,2,0,0,0,1,6,1
680,Jacques Swaters,7,0,0,,0,0,0,0,0,0,1,1,0,1,0,0,1,0,1,0,0,1,1,0,0,0,0,0,0,4,0
689,Alan Brown,9,0,0,,0,0,0,0,1,1,0,0,1,0,0,1,0,0,2,0,0,1,0,0,2,0,0,0,0,2,1
691,Hermann Lang,2,0,0,,0,0,0,0,1,0,0,0,0,0,0,1,0,0,0,0,0,0,0,0,0,0,0,0,0,1,0
697,Felice Bonetto,17,2,1,,0,0,2,3,3,1,0,0,0,1,0,1,0,1,1,1,0,1,0,0,2,1,0,0,0,6,1
673,Mike Nazaruk,3,1,0,,0,1,0,0,1,0,0,0,0,0,0,0,0,0,0,0,0,0,0,0,1,0,0,0,0,1,0
718,Ernst Loof,1,0,0,,0,0,0,0,0,0,0,0,0,0,0,0,0,0,0,0,0,0,0,0,1,0,0,0,0,1,0
724,Toni Ulmen,2,0,0,,0,0,0,0,0,0,0,1,0,0,0,0,0,0,0,0,0,0,1,0,0,0,0,0,0,1,0
757,Josef Peters,1,0,0,,0,0,0,0,0,0,0,0,0,0,0,0,0,0,0,0,0,0,0,0,1,0,0,0,0,1,0
654,Walt Faulkner,5,0,1,,0,0,0,0,1,0,1,0,0,0,0,1,0,0,1,0,1,0,0,0,0,0,0,0,0,1,0
773,Pierre Levegh,6,0,0,,0,0,0,0,0,0,1,1,2,0,0,0,0,2,0,0,0,0,0,0,0,0,0,0,0,3,0
731,Henry Banks,3,0,0,,0,0,0,0,0,1,0,0,0,0,0,0,0,0,0,0,0,0,1,0,1,0,0,0,0,1,0
774,Eugène Chaboud,3,0,0,,0,0,0,0,1,0,0,1,0,0,1,0,0,0,0,0,0,0,0,0,0,0,0,0,0,1,0
791,Clemente Biondetti,1,0,0,,0,0,0,0,0,0,0,0,0,0,0,0,0,0,0,0,0,1,0,0,0,0,0,0,0,1,0
674,Larry Crockett,1,0,0,,0,0,0,0,0,0,0,0,1,0,0,0,0,0,0,0,0,0,0,0,0,0,0,0,0,0,0
679,Ernie McCoy,2,0,0,,0,0,0,0,0,0,0,1,0,0,0,0,0,0,0,1,0,0,0,0,0,0,0,0,0,0,0
709,Ernst Klodwig,2,0,0,,0,0,0,0,0,0,0,0,0,0,0,1,0,0,1,0,0,0,0,0,0,0,0,0,0,0,0
766,Lee Wallard,2,1,0,,1,0,0,0,0,1,0,0,0,0,0,0,0,0,0,0,0,0,0,0,0,0,0,0,0,0,0
66,Allan McNish,17,0,0,,0,0,0,0,0,0,1,1,2,0,1,0,0,2,1,0,2,1,1,1,4,0,0,0,0,8,1
60,Gastón Mazzacane,21,0,0,,0,0,0,0,0,0,0,1,0,2,1,3,3,2,3,0,2,2,1,0,1,0,0,0,0,8,0
71,Damon Hill,122,42,20,,22,15,5,7,2,5,3,7,2,2,3,3,4,1,4,6,5,2,5,2,17,1,0,6,0,37,1
76,Jan Magnussen,25,0,0,,0,0,0,0,0,1,1,0,1,3,0,2,3,0,2,1,1,1,1,1,7,0,0,0,0,16,0
144,Naoki Hattori,2,0,0,,0,0,0,0,0,0,0,0,0,0,0,0,0,0,0,0,0,0,0,0,2,0,0,2,0,0,0
148,Gregor Foitek,22,0,0,,0,0,0,0,0,0,1,0,0,0,0,0,0,0,2,1,0,1,1,0,16,0,0,15,0,5,0
150,Gary Brabham,2,0,0,,0,0,0,0,0,0,0,0,0,0,0,0,0,0,0,0,0,0,0,0,2,0,0,2,0,0,0
67,Sébastien Buemi,55,0,0,0,0,0,0,0,0,0,2,5,3,5,2,6,4,3,3,6,1,2,2,3,8,0,0,0,0,15,0
154,Romain Grosjean,181,10,0,1,0,2,8,3,1,7,11,11,7,9,12,6,17,7,15,11,10,9,9,12,14,1,0,0,0,44,2
163,René Arnoux,164,22,18,,7,9,6,7,8,5,5,3,12,7,4,4,3,5,7,5,9,8,8,4,38,0,0,13,1,66,2
157,Christian Danner,47,0,0,,0,0,0,1,0,1,2,3,4,0,3,1,1,2,1,2,2,1,1,3,19,0,1,10,0,21,0
170,Teo Fabi,71,2,3,,0,0,2,2,4,1,3,2,1,2,1,3,2,4,5,6,2,1,3,2,25,0,0,7,1,45,0
182,Niki Lauda,174,54,24,,25,21,8,7,7,5,1,4,3,3,6,6,9,3,5,4,9,8,6,6,28,3,0,1,0,77,2
186,Kenny Acheson,9,0,0,,0,0,0,0,0,0,0,0,0,0,0,1,0,0,0,0,1,0,0,0,7,0,0,6,0,2,0
831,Felipe Nasr,40,0,0,0,0,0,0,0,1,1,0,1,3,1,3,4,4,1,6,3,5,1,1,3,2,0,0,0,0,6,1
840,Lance Stroll,160,3,1,0,0,0,3,4,2,7,7,8,14,15,14,12,14,15,5,8,9,6,7,10,0,0,0,0,0,22,1
841,Antonio Giovinazzi,62,0,0,0,0,0,0,0,1,0,0,0,3,5,6,4,7,9,8,8,4,4,2,1,0,0,0,0,0,6,0
846,Lando Norris,120,23,5,9,2,12,9,7,12,9,14,11,8,8,4,2,3,1,4,1,4,3,1,5,0,0,0,0,0,9,0
848,Alexander Albon,97,2,0,0,0,0,2,3,6,6,3,5,7,6,8,10,7,9,7,2,4,4,4,4,0,0,0,0,0,13,0
26,Scott Speed,28,0,0,0,0,0,0,0,0,0,0,0,2,2,3,1,5,2,1,1,0,3,3,2,3,0,0,0,0,11,0
28,Markus Winkelhock,1,0,0,0,0,0,0,0,0,0,0,0,0,0,0,0,0,0,0,0,1,0,0,0,0,0,0,0,0,1,0
29,Sakon Yamamoto,21,0,0,0,0,0,0,0,0,0,0,0,0,0,0,1,0,0,1,3,3,0,4,4,5,0,0,0,0,7,0
34,Yuji Ide,4,0,0,0,0,0,0,0,0,0,0,0,0,0,0,0,1,0,0,0,1,0,1,1,0,0,0,0,0,3,0
31,Juan Pablo Montoya,95,30,13,3,7,15,8,10,8,3,4,3,0,0,2,2,1,6,5,5,3,4,4,3,2,3,0,0,0,29,1
51,Justin Wilson,16,0,0,,0,0,0,0,0,0,0,1,0,0,1,1,3,1,4,2,0,0,3,0,0,0,0,0,0,9,0
50,Jos Verstappen,107,2,0,,0,0,2,1,2,2,3,4,2,9,5,7,9,9,7,8,10,9,3,5,10,0,0,0,0,57,1
105,Michele Alboreto,215,23,2,,5,9,9,10,8,6,11,5,6,9,7,7,13,5,9,7,10,7,7,6,59,0,0,21,0,92,0
111,Jean-Marc Gounon,9,0,0,,0,0,0,0,0,0,0,0,2,0,1,0,0,0,1,1,1,1,0,1,1,0,0,0,0,5,0
112,Philippe Alliot,115,0,0,,0,0,0,0,1,5,1,3,9,7,4,11,4,5,2,5,8,4,6,3,37,2,0,5,1,63,0
116,Franck Lagorce,2,0,0,,0,0,0,0,0,0,0,0,0,0,1,0,0,0,0,0,0,0,1,0,0,0,0,0,0,1,0
120,Fabrizio Barbazza,20,0,0,,0,0,0,0,0,2,0,0,0,0,1,0,0,0,0,0,0,1,0,0,16,0,0,12,0,5,0
124,Marco Apicella,1,0,0,,0,0,0,0,0,0,0,0,0,0,0,0,0,0,0,0,0,0,0,0,1,0,0,0,0,1,0
132,Giovanna Amati,3,0,0,,0,0,0,0,0,0,0,0,0,0,0,0,0,0,0,0,0,0,0,0,3,0,0,3,0,0,0
194,Eliseo Salazar,37,0,0,,0,0,0,0,1,1,0,0,2,0,0,0,3,3,2,1,0,5,0,0,19,0,0,13,2,14,0
205,Brian Henton,37,0,0,,0,0,0,0,0,0,1,3,1,4,1,2,1,2,0,1,0,1,0,0,20,1,0,17,2,6,1
208,Emilio de Villota,14,0,0,,0,0,0,0,0,0,0,0,0,0,0,0,1,0,0,0,1,0,0,0,12,0,0,12,0,0,0
213,Beppe Gabbiani,17,0,0,,0,0,0,0,0,0,0,0,0,0,0,0,0,0,0,0,2,1,0,0,14,0,0,14,0,3,0
228,Desiré Wilson,1,0,0,,0,0,0,0,0,0,0,0,0,0,0,0,0,0,0,0,0,0,0,0,1,0,0,1,0,0,0
240,Danny Ongais,6,0,0,,0,0,0,0,0,0,1,0,0,0,0,0,0,0,0,0,0,0,1,0,4,0,0,2,0,3,0
249,Bobby Rahal,2,0,0,,0,0,0,0,0,0,0,0,0,0,0,1,0,0,0,0,0,1,0,0,0,0,0,0,0,1,0
255,Gunnar Nilsson,32,4,0,,1,0,3,1,3,1,0,1,0,0,1,2,3,1,1,1,0,0,1,1,11,0,0,0,0,17,1
279,Emilio Zapico,1,0,0,,0,0,0,0,0,0,0,0,0,0,0,0,0,0,0,0,0,0,0,0,1,0,0,1,0,0,0
280,Henri Pescarolo,59,1,0,,0,0,1,1,1,3,2,5,5,3,5,1,2,5,3,3,2,2,2,0,13,0,0,3,3,22,0
285,Otto Stuppacher,3,0,0,,0,0,0,0,0,0,0,0,0,0,0,0,0,0,0,0,0,0,0,0,3,0,0,2,0,0,1
288,Mark Donohue,15,1,0,,0,0,1,0,2,0,1,2,0,1,1,1,0,0,0,0,0,0,0,3,3,0,0,0,0,6,1
287,Masahiro Hasemi,1,0,0,,0,0,0,0,0,0,0,0,0,0,1,0,0,0,0,0,0,0,0,0,0,0,0,0,0,0,0
316,Leo Kinnunen,6,0,0,,0,0,0,0,0,0,0,0,0,0,0,0,0,0,0,0,0,0,0,0,6,0,0,5,0,1,0
325,Carlo Facetti,1,0,0,,0,0,0,0,0,0,0,0,0,0,0,0,0,0,0,0,0,0,0,0,1,0,0,1,0,0,0
329,Mike Beuttler,29,0,0,,0,0,0,0,0,0,1,2,0,3,2,0,5,1,0,2,3,0,2,1,7,1,0,1,4,10,0
327,François Cevert,47,13,0,,1,10,2,2,2,2,3,0,3,3,1,0,2,2,3,1,2,3,0,1,4,0,0,0,2,15,1
334,Jackie Pretorius,4,0,0,,0,0,0,0,0,0,0,0,0,1,0,0,0,0,0,0,0,1,0,0,2,0,0,1,1,2,0
333,Andrea de Adamich,36,0,0,,0,0,0,2,0,0,2,2,0,0,1,1,3,3,2,1,4,2,2,1,10,0,0,5,3,16,0
342,Skip Barber,6,0,0,,0,0,0,0,0,0,0,0,0,0,0,0,0,1,0,1,0,1,0,1,2,0,0,1,3,1,0
357,John Miles,15,0,0,,0,0,0,0,1,0,1,1,0,1,1,0,3,0,1,1,0,0,1,2,2,0,0,2,0,8,1
322,David Hobbs,7,0,0,,0,0,0,0,0,0,1,1,2,3,0,0,0,0,0,0,0,0,0,0,0,0,0,0,0,1,0
383,Bob Anderson,26,1,0,,0,0,1,0,1,2,3,1,3,0,3,4,1,0,0,2,5,0,0,0,0,0,0,1,2,8,0
387,Mike Parkes,7,2,1,,0,2,0,0,1,0,0,0,0,0,0,0,1,0,0,1,0,1,0,0,1,0,0,1,0,3,0
389,Guy Ligier,13,0,0,,0,0,0,0,0,2,1,1,2,3,1,1,0,0,1,0,0,0,1,0,0,0,0,0,4,2,1
393,Tom Jones,1,0,0,,0,0,0,0,0,0,0,0,0,0,0,0,0,0,0,0,0,1,0,0,0,0,0,1,0,0,0
396,Bob Bondurant,9,0,0,,0,0,0,1,0,0,1,0,2,0,0,0,1,0,2,1,0,0,1,0,0,1,0,0,0,4,0
397,Peter Arundell,15,2,0,,0,0,2,1,0,1,1,2,1,0,0,0,0,1,0,1,2,1,0,0,2,0,0,0,0,3,4
403,Phil Hill,52,16,6,,3,5,8,2,0,3,3,2,4,0,5,3,1,3,0,1,1,3,0,2,3,0,0,1,1,14,3
413,Ernie Pieterse,3,0,0,,0,0,0,0,0,0,0,0,0,1,0,0,0,0,0,0,0,0,1,0,1,0,0,1,0,1,0
422,Brian Gubby,1,0,0,,0,0,0,0,0,0,0,0,0,0,0,0,0,0,0,0,0,0,0,0,1,0,0,1,0,0,0
423,Gerhard Mitter,5,0,0,,0,0,0,1,0,0,0,0,1,0,0,1,0,0,0,0,0,0,1,0,1,0,0,0,0,2,1
440,Jim Hall,12,0,0,,0,0,0,0,1,1,1,3,0,1,1,1,1,1,0,0,0,0,0,1,0,0,0,0,0,3,1
447,Gaetano Starrabba,2,0,0,,0,0,0,0,0,0,0,0,0,0,0,0,0,0,1,0,0,0,0,0,1,0,0,0,0,1,1
433,Walt Hansgen,4,0,0,,0,0,0,0,1,0,0,0,0,0,0,0,0,0,0,0,0,1,0,0,2,0,0,0,0,1,2
456,Roy Salvadori,51,2,0,,0,1,1,1,2,5,1,4,2,3,3,2,2,2,2,2,4,6,2,0,6,0,0,1,0,28,3
458,Rob Slotemaker,1,0,0,,0,0,0,0,0,0,0,0,0,0,0,0,0,0,0,0,0,0,0,0,1,0,0,0,0,0,1
462,Colin Davis,3,0,0,,0,0,0,0,0,0,0,0,0,0,1,0,0,0,0,0,0,0,0,2,0,0,0,0,0,1,1
464,Tony Shelly,3,0,0,,0,0,0,0,0,0,0,0,0,0,0,0,0,0,0,0,0,0,0,0,3,0,0,2,0,1,0
465,Keith Greene,7,0,0,,0,0,0,0,0,0,0,0,0,0,0,0,0,0,1,0,0,0,0,1,5,0,0,2,0,2,2
486,Jack Fairman,13,0,0,,0,0,0,1,1,0,0,1,0,0,0,0,0,1,0,0,2,1,1,1,4,1,0,0,1,7,1
550,Alain de Changy,1,0,0,,0,0,0,0,0,0,0,0,0,0,0,0,0,0,0,0,0,0,1,0,0,0,0,1,0,0,0
522,Bobby Grim,2,0,0,,0,0,0,0,0,0,0,0,0,0,0,0,0,0,0,1,0,0,0,0,1,0,0,0,0,1,0
564,Jud Larson,2,0,0,,0,0,0,0,0,0,0,1,0,0,0,0,0,0,0,0,0,0,0,0,1,0,0,0,0,1,0
390,Alan Rees,2,0,0,,0,0,0,0,0,0,1,0,1,0,0,0,0,0,0,0,0,0,0,0,0,0,0,0,0,0,0
469,Rob Schroeder,1,0,0,,0,0,0,0,0,0,0,0,0,1,0,0,0,0,0,0,0,0,0,0,0,0,0,0,0,0,0
497,Alberto Rodriguez Larreta,1,0,0,,0,0,0,0,0,0,0,0,1,0,0,0,0,0,0,0,0,0,0,0,0,0,0,0,0,0,0
509,Jim Rathmann,12,4,0,,1,3,0,0,1,0,1,0,0,0,0,0,0,1,1,0,0,0,0,2,2,0,0,0,0,3,0
534,Gene Force,2,0,0,,0,0,0,0,0,0,0,0,0,0,1,0,0,0,0,0,0,0,0,0,1,0,0,0,0,1,0
556,Jimmy Daywalt,7,0,0,,0,0,0,0,0,1,0,0,1,0,0,0,0,1,0,0,0,0,0,0,4,0,0,0,0,4,0
574,George Constantine,1,0,0,,0,0,0,0,0,0,0,0,0,0,0,0,0,0,0,1,0,0,0,0,0,0,0,0,0,1,0
590,Stuart Lewis-Evans,14,2,2,,0,0,2,2,1,0,1,0,1,0,0,1,2,1,0,1,1,0,0,1,0,0,0,0,0,8,0
582,Ken Kavanagh,1,0,0,,0,0,0,0,0,0,0,0,0,0,0,0,0,0,0,0,0,1,0,0,0,0,0,1,0,0,0
588,Luigi Taramazzo,1,0,0,,0,0,0,0,0,0,0,0,0,0,0,0,0,0,0,0,0,0,0,0,1,0,0,1,0,0,0
631,Keith Andrews,2,0,0,,0,0,0,0,0,0,0,0,0,0,0,0,0,0,0,0,0,0,0,1,1,0,0,0,0,2,0
641,Piero Taruffi,18,5,0,,1,3,1,2,2,1,1,1,0,0,0,1,1,1,1,0,1,1,0,0,0,0,0,0,0,5,1
645,Clemar Bucci,5,0,0,,0,0,0,0,0,0,0,0,1,0,0,0,1,0,0,1,0,0,1,0,1,0,0,0,0,5,0
671,Roger Loyer,1,0,0,,0,0,0,0,0,0,0,0,0,0,0,0,0,1,0,0,0,0,0,0,0,0,0,0,0,1,0
677,Travis Webb,4,0,0,,0,0,0,0,0,0,0,0,0,0,0,0,0,0,0,0,0,0,1,1,2,0,0,0,0,3,0
613,Marshall Teague,4,0,0,,0,0,0,0,0,0,1,0,0,0,0,0,0,0,1,0,0,1,0,0,1,0,0,0,0,2,0
706,Jimmy Stewart,1,0,0,,0,0,0,0,0,0,0,0,0,0,1,0,0,0,0,0,0,0,0,0,0,0,0,0,0,1,0
725,George Abecassis,2,0,0,,0,0,0,0,0,0,0,0,0,0,0,0,0,0,0,0,2,0,0,0,0,0,0,0,0,2,0
749,Bill Aston,3,0,0,,0,0,0,0,0,0,0,0,0,0,0,0,0,0,0,0,0,0,0,0,3,0,0,1,0,1,1
758,Dries van der Lof,1,0,0,,0,0,0,0,0,0,0,0,0,0,0,1,0,0,0,0,0,0,0,0,0,0,0,0,1,0,0
729,Bill Schindler,3,0,0,,0,0,0,0,0,0,0,0,0,0,0,0,1,1,0,0,0,0,0,0,1,0,0,0,0,2,0
770,Cecil Green,2,0,0,,0,0,0,1,0,0,0,0,0,0,0,0,0,0,0,0,0,0,0,0,1,0,0,0,0,1,0
771,Walt Brown,2,0,0,,0,0,0,0,0,0,0,0,0,0,0,0,0,0,0,0,0,0,1,0,1,0,0,0,0,1,0
732,Johnny McDowell,3,0,0,,0,0,0,0,0,0,0,0,0,0,0,0,0,0,0,0,0,1,0,0,2,0,0,0,0,1,0
741,Philippe Étancelin,12,0,0,,0,0,0,0,2,0,0,3,1,1,0,0,3,1,0,0,0,0,1,0,0,0,0,0,0,6,0
776,Joe Kelly,2,0,0,,0,0,0,0,0,0,0,0,0,0,0,0,1,0,1,0,0,0,0,0,0,0,0,0,2,0,0
779,John James,1,0,0,,0,0,0,0,0,0,0,0,0,0,0,0,0,0,0,0,0,0,0,1,0,0,0,0,0,1,0
782,Juan Jover,1,0,0,,0,0,0,0,0,0,0,0,0,0,0,0,0,0,0,0,0,0,0,1,0,0,0,0,0,0,1
790,Leslie Johnson,1,0,0,,0,0,0,0,0,0,0,0,0,0,0,0,0,0,0,0,0,0,0,0,1,0,0,0,0,1,0
786,Luigi Fagioli,8,6,1,,1,4,1,0,0,0,0,0,0,0,1,1,0,0,0,0,0,0,0,0,0,0,0,0,0,1,0
798,Bayliss Levrett,1,0,0,,0,0,0,0,0,0,0,0,0,0,0,0,0,0,0,0,0,0,0,0,1,0,0,0,0,1,0
805,Danny Kladis,1,0,0,,0,0,0,0,0,0,0,0,0,0,0,0,0,0,0,0,0,0,0,0,1,0,0,0,0,1,0
602,Robert La Caze,1,0,0,,0,0,0,0,0,0,0,0,0,0,0,0,0,1,0,0,0,0,0,0,0,0,0,0,0,0,0
742,Dennis Poore,2,0,0,,0,0,0,1,0,0,0,0,0,0,0,1,0,0,0,0,0,0,0,0,0,0,0,0,0,0,0
751,Fritz Riess,1,0,0,,0,0,0,0,0,0,1,0,0,0,0,0,0,0,0,0,0,0,0,0,0,0,0,0,0,0,0
801,Charles Pozzi,1,0,0,,0,0,0,0,0,1,0,0,0,0,0,0,0,0,0,0,0,0,0,0,0,0,0,0,0,0,0
802,Dorino Serafini,1,1,0,,0,1,0,0,0,0,0,0,0,0,0,0,0,0,0,0,0,0,0,0,0,0,0,0,0,0,0
63,Mika Salo,111,2,0,,0,1,1,1,7,6,9,8,7,9,3,8,8,9,5,4,4,3,7,6,5,3,0,0,0,42,2
58,Tarso Marques,26,0,0,,0,0,0,0,0,0,0,0,2,1,0,2,3,2,4,3,0,0,1,2,6,0,1,1,0,14,0
69,Luca Badoer,58,0,0,0,0,0,0,0,0,0,1,3,1,9,4,2,5,5,4,3,2,3,2,2,12,0,0,6,0,26,1
74,Esteban Tuero,16,0,0,,0,0,0,0,0,0,0,1,0,0,2,1,0,1,2,4,1,1,0,1,2,0,0,0,0,12,0
77,Gerhard Berger,210,48,12,,10,17,21,26,8,13,4,3,5,8,5,3,7,7,3,3,5,10,8,6,38,0,0,0,0,86,0
53,Nicolas Kiesa,5,0,0,,0,0,0,0,0,0,0,0,0,0,1,2,1,0,0,1,0,0,0,0,0,0,0,0,0,0,0
133,Alex Caffi,75,0,0,,0,0,0,1,1,1,4,3,5,3,4,3,3,0,4,2,1,3,1,1,35,0,0,19,1,29,0
141,Julian Bailey,20,0,0,,0,0,0,0,0,1,0,0,1,0,0,1,0,1,0,1,0,0,0,1,14,0,0,13,0,2,0
160,Piercarlo Ghinzani,111,0,0,,0,0,0,0,1,0,3,2,3,0,3,5,5,5,3,2,0,4,1,5,69,0,2,32,1,53,3
169,Pascal Fabre,12,0,0,,0,0,0,0,0,0,0,0,2,1,0,2,3,0,0,1,0,0,0,0,3,0,0,1,1,2,0
171,Franco Forini,2,0,0,,0,0,0,0,0,0,0,0,0,0,0,0,0,0,0,0,0,1,0,0,1,0,0,0,0,2,0
178,Alan Jones,117,24,6,,12,7,5,8,5,2,3,3,5,4,7,5,3,3,2,7,6,3,6,5,16,0,0,0,1,47,1
823,Giedo van der Garde,19,0,0,0,0,0,0,0,0,0,0,0,0,0,0,0,0,1,3,2,0,7,1,0,5,0,0,0,0,3,0
822,Valtteri Bottas,239,67,20,19,10,29,28,13,24,9,5,14,7,6,9,11,8,11,12,12,6,5,11,7,2,0,0,0,0,25,1
826,Daniil Kvyat,112,3,0,1,0,1,2,4,1,2,6,1,13,14,10,13,4,8,7,5,3,2,9,3,4,0,0,0,0,20,2
855,Guanyu Zhou,60,0,0,2,0,0,0,0,0,0,0,1,3,2,3,5,8,6,6,9,3,6,5,3,0,0,0,0,0,10,0
11,Takuma Sato,91,1,0,0,0,0,1,2,3,5,0,4,4,4,5,8,5,6,9,11,8,5,3,4,4,3,0,0,1,26,1
15,Jarno Trulli,256,11,4,1,1,4,6,16,14,14,16,13,14,9,8,11,18,9,14,14,13,13,13,9,27,1,0,0,0,81,4
23,Ralf Schumacher,180,27,6,1,6,6,15,19,17,12,11,9,7,5,5,5,1,5,6,11,11,6,10,8,5,1,0,0,0,57,0
41,Ricardo Zonta,38,0,0,0,0,0,0,0,0,3,1,3,4,1,1,3,5,1,4,0,3,1,5,1,2,0,0,1,0,17,1
44,Olivier Panis,158,5,0,0,1,3,1,4,8,8,11,11,13,5,14,11,13,7,7,3,10,5,5,8,10,2,0,0,0,56,1
48,Marc Gené,36,0,0,0,0,0,0,0,1,1,0,3,5,1,1,2,2,4,3,4,3,1,1,1,3,0,0,0,0,13,0
90,Roberto Moreno,74,1,0,,0,1,0,2,1,1,2,2,1,1,1,0,5,3,1,4,2,2,1,1,43,1,0,31,2,23,0
94,Pierluigi Martini,123,0,0,,0,0,0,2,4,4,7,7,10,4,3,8,4,4,6,5,5,3,4,8,35,0,0,3,0,64,1
97,Massimiliano Papis,7,0,0,,0,0,0,0,0,0,1,0,0,0,0,1,0,0,0,1,0,1,0,1,2,0,0,0,0,5,0
103,Éric Bernard,47,1,0,,0,0,1,1,0,3,1,3,3,4,1,1,4,0,0,4,2,3,1,2,13,0,0,2,0,23,0
108,Paul Belmondo,27,0,0,,0,0,0,0,0,0,0,0,1,0,0,1,3,1,0,0,0,0,0,0,21,0,0,20,0,2,0
122,Ivan Capelli,98,3,0,,0,2,1,1,4,4,2,1,3,4,3,4,3,1,5,4,7,3,4,3,39,0,0,3,0,64,2
206,Derek Daly,64,0,0,,0,0,0,2,3,3,3,4,3,2,4,4,1,3,1,2,0,1,2,3,23,1,0,15,0,22,0
201,Slim Borgudd,15,0,0,,0,0,0,0,0,1,1,0,0,2,0,0,2,0,0,2,1,0,0,0,6,0,0,5,0,4,0
231,James Hunt,93,23,14,,10,6,7,7,2,3,4,2,2,3,2,1,4,3,4,3,3,2,4,2,19,2,0,0,0,44,1
237,Alex Ribeiro,20,0,0,,0,0,0,0,0,0,0,2,0,0,2,2,0,0,2,1,0,0,1,0,10,0,0,10,0,4,0
238,Ronnie Peterson,123,26,14,,10,10,6,5,7,4,3,3,8,5,5,4,5,3,5,6,3,4,4,4,19,1,0,0,2,49,0
239,Brett Lunger,42,0,0,,0,0,0,0,0,0,1,2,1,5,5,0,7,2,2,1,0,0,3,1,12,0,0,8,0,11,0
244,Alberto Colombo,3,0,0,,0,0,0,0,0,0,0,0,0,0,0,0,0,0,0,0,0,0,0,0,3,0,0,3,0,0,0
245,Tony Trimmer,6,0,0,,0,0,0,0,0,0,0,0,0,0,0,0,0,0,0,0,0,0,0,0,6,0,0,6,0,0,0
248,Carlo Franchi,1,0,0,,0,0,0,0,0,0,0,0,0,0,0,0,0,0,0,0,0,0,0,0,1,0,0,1,0,0,0
284,Alessandro Pesenti-Rossi,4,0,0,,0,0,0,0,0,0,0,0,0,0,1,0,0,1,0,0,0,1,0,0,1,0,0,1,0,0,0
272,Kunimitsu Takahashi,1,0,0,,0,0,0,0,0,0,0,0,1,0,0,0,0,0,0,0,0,0,0,0,0,0,0,0,0,0,0
302,Jim Crawford,2,0,0,,0,0,0,0,0,0,0,0,0,0,0,0,1,0,0,0,0,0,0,0,1,0,0,0,0,1,0
303,Jo Vonlanthen,1,0,0,,0,0,0,0,0,0,0,0,0,0,0,0,0,0,0,0,0,0,0,0,1,0,0,0,0,1,0
309,Peter Revson,31,8,1,,2,2,4,3,3,0,2,1,1,0,1,0,1,1,1,2,0,2,0,1,4,1,0,1,0,8,0
317,Reine Wisell,23,1,0,,0,0,1,2,1,1,0,1,0,2,0,2,1,3,0,1,0,1,0,1,6,1,0,0,3,11,0
332,George Follmer,12,1,0,,0,0,1,0,0,1,0,0,0,2,0,0,0,2,0,0,2,0,2,0,2,0,0,0,0,5,0
335,Roger Williamson,2,0,0,,0,0,0,0,0,0,0,0,0,0,0,0,0,0,0,0,0,0,0,1,1,0,0,0,0,2,0
351,Silvio Moser,18,0,0,,0,0,0,0,1,1,1,0,0,0,3,0,2,0,1,0,0,1,0,1,7,0,0,6,1,7,0
360,Bruce McLaren,103,27,0,,4,11,12,7,12,6,4,3,0,3,4,4,4,4,3,8,6,5,0,0,3,0,0,0,0,38,2
358,Jochen Rindt,62,13,10,,6,3,4,6,1,1,0,1,3,3,4,4,10,3,2,1,5,1,1,1,2,0,0,1,0,35,1
364,Dan Gurney,87,19,3,,4,8,7,2,5,5,4,0,4,6,6,4,4,6,8,4,1,4,2,3,0,0,0,0,1,41,1
348,François Mazet,1,0,0,,0,0,0,0,0,0,0,0,0,0,0,0,1,0,0,0,0,0,0,0,0,0,0,0,0,0,0
373,Jim Clark,73,32,34,,25,1,6,4,3,1,2,2,2,4,2,7,0,1,4,3,2,1,1,0,2,0,0,0,0,23,0
388,Chris Irwin,10,0,0,,0,0,0,0,1,0,3,0,1,0,0,0,1,1,0,2,1,0,0,0,0,0,0,0,0,5,0
417,Alex Blignaut,1,0,0,,0,0,0,0,0,0,0,0,0,0,0,0,0,0,0,0,0,0,0,0,1,0,0,0,0,0,1
426,Giorgio Bassi,1,0,0,,0,0,0,0,0,0,0,0,0,0,0,0,0,0,0,0,0,0,0,0,1,0,0,0,0,1,0
441,Tim Parnell,4,0,0,,0,0,0,0,0,0,0,0,0,1,0,0,0,0,0,0,0,0,0,0,3,0,0,2,0,1,0
442,Kurt Kuhnke,2,0,0,,0,0,0,0,0,0,0,0,0,0,0,0,0,0,0,0,0,0,0,0,2,0,0,1,0,0,1
460,Gerry Ashmore,5,0,0,,0,0,0,0,0,0,0,0,0,0,0,0,0,0,0,1,0,0,0,0,4,0,0,1,0,2,1
473,Gary Hocking,1,0,0,,0,0,0,0,0,0,0,0,0,0,0,0,0,0,0,0,0,1,0,0,0,0,0,0,0,0,1
487,Massimo Natili,2,0,0,,0,0,0,0,0,0,0,0,0,0,0,0,0,0,0,0,0,0,0,0,2,0,0,0,0,1,1
488,Peter Monteverdi,1,0,0,,0,0,0,0,0,0,0,0,0,0,0,0,0,0,0,0,0,0,0,0,1,0,0,0,0,0,1
502,Alan Stacey,7,0,0,,0,0,0,0,0,0,0,2,1,0,0,0,1,0,0,0,1,1,1,0,0,0,0,0,0,6,0
505,Chris Bristow,4,0,0,,0,0,0,0,0,0,0,0,0,1,1,0,0,1,1,0,0,0,0,0,0,0,0,0,0,3,0
540,Mike Taylor,2,0,0,,0,0,0,0,0,0,0,0,0,0,0,0,0,0,0,0,0,0,1,0,1,0,0,0,0,1,1
500,Gino Munaron,4,0,0,,0,0,0,0,0,0,0,0,0,0,0,0,2,0,1,1,0,0,0,0,0,0,0,0,0,2,0
565,Mike Magill,3,0,0,,0,0,0,0,0,0,0,0,0,0,0,0,0,0,0,0,1,0,0,0,2,1,0,0,0,2,0
510,Paul Goldsmith,3,1,0,,0,0,1,0,1,0,0,0,0,0,0,0,0,0,0,0,0,0,0,0,1,0,0,0,0,1,0
513,Eddie Johnson,9,0,0,,0,0,0,0,0,1,1,1,1,0,0,0,1,0,1,1,0,0,0,0,2,0,0,0,0,2,0
514,Bob Veith,5,0,0,,0,0,0,0,0,0,1,1,1,0,0,1,0,0,0,0,0,0,0,0,1,0,0,0,0,1,0
523,Shorty Templeman,3,0,0,,0,0,0,0,0,0,0,0,0,0,0,0,0,0,0,0,1,1,1,0,0,0,0,0,0,2,0
535,Jim McWithey,2,0,0,,0,0,0,0,0,0,0,0,0,0,0,0,0,0,0,1,0,0,0,0,1,0,0,0,0,0,0
575,Bob Said,1,0,0,,0,0,0,0,0,0,0,0,0,0,0,0,0,0,0,0,0,1,0,0,0,0,0,0,0,1,0
596,Ed Elisian,5,0,0,,0,0,0,0,0,0,0,0,0,0,0,0,0,0,0,0,0,1,0,0,4,0,0,0,0,4,0
599,Art Bisch,1,0,0,,0,0,0,0,0,0,0,0,0,0,0,0,0,0,0,0,0,0,0,0,1,0,0,0,0,1,0
600,Christian Goethals,1,0,0,,0,0,0,0,0,0,0,0,0,0,0,0,0,0,0,1,0,0,0,0,0,0,0,0,0,1,0
616,Elmer George,1,0,0,,0,0,0,0,0,0,0,0,0,0,0,0,0,0,0,0,0,0,0,0,1,0,0,0,0,1,0
618,Herbert MacKay-Fraser,1,0,0,,0,0,0,0,0,0,0,0,0,0,1,0,0,0,0,0,0,0,0,0,0,0,0,0,0,1,0
621,Paul England,1,0,0,,0,0,0,0,0,0,0,0,0,0,0,0,0,0,0,0,0,0,0,0,1,0,0,0,0,1,0
636,Desmond Titterington,1,0,0,,0,0,0,0,0,0,0,0,0,0,0,0,0,1,0,0,0,0,0,0,0,0,0,0,0,1,0
637,Archie Scott Brown,1,0,0,,0,0,0,0,0,0,0,0,0,0,0,0,0,0,0,0,0,0,0,0,1,0,0,0,0,1,0
607,Cesare Perdisa,9,2,0,,0,0,2,0,1,1,2,1,0,1,0,0,0,0,0,0,0,0,0,1,0,0,0,0,0,1,1
644,Sergio Mantovani,9,0,0,,0,0,0,0,2,0,3,1,1,1,0,0,0,0,0,0,0,0,0,0,1,0,0,0,0,2,1
623,Alberto Uria,2,0,0,,0,0,0,0,0,1,0,0,0,0,0,0,0,1,0,0,0,0,0,0,0,0,0,0,0,1,0
655,Cal Niday,3,0,0,,0,0,0,0,0,0,0,0,0,1,0,0,0,0,0,1,0,0,0,0,1,0,0,0,0,2,0
658,Jack McGrath,6,2,1,,0,0,2,0,1,0,0,0,0,0,1,0,0,1,0,0,0,0,0,0,1,0,0,0,0,1,0
632,Paul Frère,11,1,0,,0,1,0,1,1,0,1,1,1,1,0,0,0,0,1,1,0,1,0,0,1,0,0,0,0,6,0
688,Eric Brandon,5,0,0,,0,0,0,0,0,0,0,1,1,0,0,0,1,0,0,0,0,0,0,1,1,0,0,0,0,1,0
733,Chet Miller,2,0,0,,0,0,0,0,0,0,0,0,0,0,0,0,0,0,0,0,0,0,0,0,2,0,0,0,0,2,0
738,Tony Gaze,4,0,0,,0,0,0,0,0,0,0,0,0,0,0,0,0,0,2,0,0,0,0,0,2,0,0,1,0,2,0
747,David Murray,4,0,0,,0,0,0,0,0,0,0,1,0,0,0,0,0,0,1,0,0,1,0,0,1,0,0,0,0,4,0
754,Marcel Balsa,1,0,0,,0,0,0,0,0,0,0,0,0,0,0,0,0,0,0,0,1,0,0,0,0,0,0,0,0,1,0
761,Alberto Crespo,1,0,0,,0,0,0,0,0,0,0,0,0,0,0,0,0,0,0,0,0,0,0,0,1,0,0,1,0,0,0
792,Alfredo Pián,1,0,0,,0,0,0,0,0,0,0,0,0,0,0,0,0,0,0,0,0,0,0,0,1,0,0,0,0,0,1
803,Bill Cantrell,1,0,0,,0,0,0,0,0,0,0,0,0,0,0,0,0,0,0,0,0,0,0,0,1,0,0,0,0,1,0
797,Jackie Holmes,2,0,0,,0,0,0,0,0,0,0,0,0,0,0,0,0,0,0,0,0,0,1,0,1,0,0,0,0,1,0
807,Nico Hülkenberg,222,0,1,2,0,0,0,3,9,22,20,19,11,19,12,15,14,10,12,7,10,3,8,17,11,1,0,0,0,36,3
617,Mike MacDowel,1,0,0,,0,0,0,0,0,0,1,0,0,0,0,0,0,0,0,0,0,0,0,0,0,0,0,0,0,0,0
745,Graham Whitehead,1,0,0,,0,0,0,0,0,0,0,0,0,0,0,1,0,0,0,0,0,0,0,0,0,0,0,0,0,0,0
794,Joie Chitwood,1,0,0,,0,0,0,0,1,0,0,0,0,0,0,0,0,0,0,0,0,0,0,0,0,0,0,0,0,0,0
143,Michael Bartels,4,0,0,,0,0,0,0,0,0,0,0,0,0,0,0,0,0,0,0,0,0,0,0,4,0,0,4,0,0,0
145,Alessandro Nannini,77,9,0,,1,2,6,4,2,4,1,2,1,1,3,0,2,2,2,5,4,4,4,4,23,2,0,0,1,43,0
146,Bernd Schneider,32,0,0,,0,0,0,0,0,0,0,0,0,0,0,2,1,0,0,0,2,0,1,0,26,0,0,23,0,6,0
155,Kamui Kobayashi,76,1,0,1,0,0,1,1,2,4,4,2,6,8,3,2,6,4,3,3,1,6,2,1,17,1,0,0,0,21,1
177,Keke Rosberg,128,17,5,,5,8,4,11,9,1,1,5,5,4,6,4,3,3,6,3,4,3,3,6,34,2,0,14,2,51,0
184,Mauro Baldi,41,0,0,,0,0,0,0,1,3,1,4,1,3,1,3,0,0,3,0,0,3,0,1,17,0,0,5,0,19,0
818,Jean-Éric Vergne,58,0,0,0,0,0,0,0,0,2,0,7,2,3,2,11,6,4,3,2,2,1,1,4,8,0,0,0,0,13,0
836,Pascal Wehrlein,39,0,0,0,0,0,0,0,0,0,0,1,0,2,1,1,1,6,5,5,5,2,3,3,4,0,0,0,0,8,0
844,Charles Leclerc,141,38,25,9,7,13,18,23,11,10,10,4,3,5,4,1,2,2,3,1,1,6,8,9,0,1,0,0,0,20,2
847,George Russell,120,13,4,8,2,2,9,10,11,5,7,6,2,1,3,5,1,9,8,12,10,7,7,3,0,1,0,0,0,16,0
