driver_full_name,season,total_points
Leslie Johnson,1950,0.0
Peter Walker,1950,0.0
Cuth Harrison,1950,0.0
Luigi Villoresi,1950,0.0
Duke Dinsmore,1950,0.0
Fred Agabashian,1950,0.0
Henry Banks,1950,0.0
Walt Brown,1950,0.0
Clemente Biondetti,1950,0.0
Eugène Martin,1950,0.0
David Hampshire,1950,0.0
Louis Rosier,1950,13.0
José Froilán González,1950,0.0
Sam Hanks,1950,0.0
Bill Schindler,1950,0.0
Lee Wallard,1950,0.0
Nello Pagani,1950,0.0
David Murray,1950,0.0
Franco Rol,1950,0.0
Maurice Trintignant,1950,0.0
Jack McGrath,1950,0.0
Pat Flaherty,1950,0.0
Walt Faulkner,1950,0.0
Reg Parnell,1950,4.0
Yves Cabantous,1950,3.0
Alfredo Pián,1950,0.0
Harry Schell,1950,0.0
Robert Manzon,1950,3.0
Jim Rathmann,1950,0.0
Myron Fohr,1950,0.0
Paul Russo,1950,0.0
Cecil Green,1950,3.0
Paul Pietsch,1950,0.0
Piero Taruffi,1950,0.0
Dorino Serafini,1950,3.0
Tony Rolt,1950,0.0
Toulo de Graffenried,1950,0.0
Geoff Crossley,1950,0.0
Prince Bira,1950,5.0
Juan Fangio,1950,27.0
Johnny Claes,1950,0.0
Bob Gerard,1950,0.0
Luigi Fagioli,1950,24.0
Nino Farina,1950,30.0
Bill Cantrell,1950,0.0
Walt Ader,1950,0.0
Jimmy Davies,1950,0.0
Duane Carter,1950,0.0
Joie Chitwood,1950,1.0
Felice Bonetto,1950,2.0
Eugène Chaboud,1950,1.0
Joe Kelly,1950,0.0
Raymond Sommer,1950,3.0
Alberto Ascari,1950,11.0
Jimmy Jackson,1950,0.0
Bayliss Levrett,1950,0.0
Jackie Holmes,1950,0.0
Troy Ruttman,1950,0.0
George Connor,1950,0.0
Bill Holland,1950,6.0
Johnnie Parsons,1950,9.0
Toni Branca,1950,0.0
Pierre Levegh,1950,0.0
Consalvo Sanesi,1950,0.0
Joe Fry,1950,0.0
Peter Whitehead,1950,4.0
Tony Bettenhausen,1950,1.0
Jerry Hoyt,1950,0.0
Gene Hartley,1950,0.0
Mack Hellings,1950,0.0
Mauri Rose,1950,4.0
Henri Louveau,1950,0.0
Louis Chiron,1950,4.0
Brian Shawe Taylor,1950,0.0
Philippe Étancelin,1950,3.0
Dick Rathmann,1950,0.0
Travis Webb,1950,0.0
Johnny McDowell,1950,0.0
Charles Pozzi,1950,0.0
Franco Comotti,1950,0.0
Guy Mairesse,1950,0.0
Rudi Fischer,1951,0.0
Cliff Griffith,1951,0.0
Walt Faulkner,1951,0.0
Bobby Ball,1951,2.0
Jack McGrath,1951,2.0
Maurice Trintignant,1951,0.0
Reg Parnell,1951,5.0
David Murray,1951,0.0
Jacques Swaters,1951,0.0
Franco Rol,1951,0.0
Johnny Claes,1951,0.0
Stirling Moss,1951,0.0
Toulo de Graffenried,1951,2.0
Nino Farina,1951,19.0
Juan Fangio,1951,31.0
Bill Vukovich,1951,0.0
Chuck Stevenson,1951,0.0
Jimmy Davies,1951,0.0
Duane Carter,1951,0.0
Aldo Gordini,1951,0.0
Eugène Chaboud,1951,0.0
Luigi Fagioli,1951,4.0
Bob Gerard,1951,0.0
Felice Bonetto,1951,7.0
Chico Landi,1951,0.0
Prince Bira,1951,0.0
Luigi Villoresi,1951,15.0
George Abecassis,1951,0.0
Manny Ayulo,1951,2.0
Walt Brown,1951,0.0
Duke Dinsmore,1951,0.0
Fred Agabashian,1951,0.0
Henry Banks,1951,0.0
Peter Walker,1951,0.0
Georges Grignard,1951,0.0
Henri Louveau,1951,0.0
Peter Whitehead,1951,0.0
Mack Hellings,1951,0.0
Rodger Ward,1951,0.0
Carl Scarborough,1951,0.0
Mauri Rose,1951,0.0
Tony Bettenhausen,1951,0.0
Peter Hirt,1951,0.0
José Froilán González,1951,24.0
Louis Rosier,1951,3.0
Bill Schindler,1951,0.0
Sam Hanks,1951,0.0
Duke Nalon,1951,0.0
Carl Forberg,1951,0.0
Mike Nazaruk,1951,6.0
Lee Wallard,1951,9.0
André Pilette,1951,0.0
Philip Fotheringham-Parker,1951,0.0
Ken Richardson,1951,0.0
Guy Mairesse,1951,0.0
Philippe Étancelin,1951,0.0
Louis Chiron,1951,0.0
Joe James,1951,0.0
Johnny McDowell,1951,0.0
Bill Mackey,1951,0.0
Onofre Marimón,1951,0.0
Duncan Hamilton,1951,0.0
Brian Shawe Taylor,1951,0.0
John James,1951,0.0
Paco Godia,1951,0.0
Yves Cabantous,1951,2.0
Harry Schell,1951,0.0
Piero Taruffi,1951,10.0
Chet Miller,1951,0.0
Cecil Green,1951,0.0
Andy Linden,1951,3.0
Robert Manzon,1951,0.0
Paul Pietsch,1951,0.0
Juan Jover,1951,0.0
Alberto Ascari,1951,25.0
Consalvo Sanesi,1951,3.0
George Connor,1951,0.0
Troy Ruttman,1951,0.0
Johnnie Parsons,1951,0.0
Gene Force,1951,0.0
Pierre Levegh,1951,0.0
André Simon,1951,0.0
Joe Kelly,1951,0.0
Toni Branca,1951,0.0
Max de Terra,1952,0.0
André Simon,1952,0.0
Alberto Ascari,1952,36.0
Johnnie Parsons,1952,0.0
George Connor,1952,0.0
Art Cross,1952,2.0
Troy Ruttman,1952,8.0
Arthur Legat,1952,0.0
Charles de Tornaco,1952,0.0
Kenneth McAlpine,1952,0.0
Willi Heeks,1952,0.0
Helmut Niedermayr,1952,0.0
Piero Dusio,1952,0.0
Toni Ulmen,1952,0.0
Lance Macklin,1952,0.0
Alan Brown,1952,2.0
Gene Hartley,1952,0.0
Tony Bettenhausen,1952,0.0
Rodger Ward,1952,0.0
Paul Frère,1952,2.0
Peter Whitehead,1952,0.0
Marcel Balsa,1952,0.0
Travis Webb,1952,0.0
Johnny McDowell,1952,0.0
Joe James,1952,0.0
Roger Laurent,1952,0.0
Franco Comotti,1952,0.0
Philippe Étancelin,1952,0.0
Eitel Cantoni,1952,0.0
Duncan Hamilton,1952,0.0
Dennis Poore,1952,3.0
Rudolf Schoeller,1952,0.0
Rudolf Krause,1952,0.0
Adolf Brudes,1952,0.0
Nino Farina,1952,24.0
Stirling Moss,1952,0.0
Prince Bira,1952,0.0
Eric Brandon,1952,0.0
Toulo de Graffenried,1952,0.0
Chuck Stevenson,1952,0.0
Bill Vukovich,1952,1.0
Jim Rigsby,1952,0.0
Jimmy Bryan,1952,0.0
Duane Carter,1952,3.0
Johnny Claes,1952,0.0
Graham Whitehead,1952,0.0
Felice Bonetto,1952,2.0
Hans Klenk,1952,0.0
Dries van der Lof,1952,0.0
Chico Landi,1952,0.0
Robert Manzon,1952,9.0
Harry Schell,1952,0.0
Ken Wharton,1952,3.0
Piero Taruffi,1952,22.0
Andy Linden,1952,0.0
Chet Miller,1952,0.0
George Fonder,1952,0.0
Jimmy Reece,1952,0.0
Jim Rathmann,1952,6.0
Robin Montgomerie-Charrington,1952,0.0
Mike Hawthorn,1952,10.0
Yves Cabantous,1952,0.0
Paul Pietsch,1952,0.0
Fritz Riess,1952,0.0
Jan Flinterman,1952,0.0
George Abecassis,1952,0.0
Peter Collins,1952,0.0
Jean Behra,1952,6.0
Fred Agabashian,1952,0.0
Manny Ayulo,1952,0.0
Henry Banks,1952,0.0
Piero Carini,1952,0.0
Bill Aston,1952,0.0
Tony Crook,1952,0.0
Ken Downing,1952,0.0
Josef Peters,1952,0.0
Günther Bechem,1952,0.0
Luigi Villoresi,1952,8.0
Louis Rosier,1952,0.0
Peter Hirt,1952,0.0
Bob Scott,1952,0.0
Bob Sweikert,1952,0.0
Duke Nalon,1952,0.0
Eddie Johnson,1952,0.0
Bill Schindler,1952,0.0
Sam Hanks,1952,4.0
Robert O'Brien,1952,0.0
Gino Bianco,1952,0.0
Eric Thompson,1952,2.0
Theo Helfrich,1952,0.0
José Froilán González,1952,6.5
Hans von Stuck,1952,0.0
Rudi Fischer,1952,10.0
Bobby Ball,1952,0.0
Jack McGrath,1952,0.0
Cliff Griffith,1952,0.0
Tony Gaze,1952,0.0
Maurice Trintignant,1952,2.0
David Murray,1952,0.0
Roy Salvadori,1952,0.0
Reg Parnell,1952,0.0
Ernst Klodwig,1952,0.0
Alberto Crespo,1952,0.0
Élie Bayol,1952,0.0
Franco Rol,1952,0.0
Nino Farina,1953,26.0
Felice Bonetto,1953,6.5
Juan Fangio,1953,28.0
John Barber,1953,0.0
Chuck Stevenson,1953,0.0
Duane Carter,1953,2.0
Jimmy Bryan,1953,0.0
Jimmy Davies,1953,0.0
Bill Vukovich,1953,9.0
Johnny Claes,1953,0.0
Stirling Moss,1953,0.0
Toulo de Graffenried,1953,7.0
Fred Wacker,1953,0.0
Prince Bira,1953,0.0
Bob Gerard,1953,0.0
Tony Rolt,1953,0.0
Ernst Loof,1953,0.0
Erwin Bauer,1953,0.0
Rodney Nuckey,1953,0.0
Chico Landi,1953,0.0
Hermann Lang,1953,2.0
Luigi Musso,1953,0.0
Maurice Trintignant,1953,4.0
Oscar Gálvez,1953,2.0
Johnny Mantz,1953,0.0
Pat Flaherty,1953,0.0
Marshall Teague,1953,0.0
Walt Faulkner,1953,0.0
Jack McGrath,1953,2.0
Roy Salvadori,1953,0.0
Élie Bayol,1953,0.0
Hans von Stuck,1953,0.0
Ernst Klodwig,1953,0.0
Jacques Swaters,1953,0.0
José Froilán González,1953,13.5
Eddie Johnson,1953,0.0
Bob Scott,1953,0.0
Cal Niday,1953,0.0
Mike Nazaruk,1953,0.0
Bob Sweikert,1953,0.0
Duke Nalon,1953,0.0
Ernie McCoy,1953,0.0
Jimmy Daywalt,1953,0.0
Sam Hanks,1953,2.0
Louis Rosier,1953,0.0
André Pilette,1953,0.0
Wolfgang Seidel,1953,0.0
Theo Helfrich,1953,0.0
Peter Hirt,1953,0.0
Alberto Ascari,1953,34.5
Jackie Holmes,1953,0.0
Johnnie Parsons,1953,0.0
Bill Holland,1953,0.0
Art Cross,1953,6.0
Kenneth McAlpine,1953,0.0
Arthur Legat,1953,0.0
Jimmy Stewart,1953,0.0
Willi Heeks,1953,0.0
Max de Terra,1953,0.0
Jean Behra,1953,0.0
Luigi Villoresi,1953,17.0
Duke Dinsmore,1953,0.0
Manny Ayulo,1953,0.0
Fred Agabashian,1953,1.5
Peter Collins,1953,0.0
Tony Crook,1953,0.0
Günther Bechem,1953,0.0
Oswald Karch,1953,0.0
Edgar Barth,1953,0.0
Albert Scherrer,1953,0.0
Piero Carini,1953,0.0
Umberto Maglioli,1953,0.0
Harry Schell,1953,0.0
Adolfo Cruz,1953,0.0
Robert Manzon,1953,0.0
Mike Hawthorn,1953,19.0
Andy Linden,1953,0.0
Paul Russo,1953,1.5
Jim Rathmann,1953,0.0
Ken Wharton,1953,0.0
Yves Cabantous,1953,0.0
Kurt Adolff,1953,0.0
Theo Fitzau,1953,0.0
Pablo Birger,1953,0.0
Carlos Menditeguy,1953,0.0
Don Freeland,1953,0.0
Travis Webb,1953,0.0
Roberto Mieres,1953,0.0
Georges Berger,1953,0.0
Onofre Marimón,1953,4.0
Louis Chiron,1953,0.0
Duncan Hamilton,1953,0.0
Jack Fairman,1953,0.0
Rudolf Krause,1953,0.0
Hans Herrmann,1953,0.0
Sergio Mantovani,1953,0.0
Alan Brown,1953,0.0
Johnny Thomson,1953,0.0
Gene Hartley,1953,0.0
Jerry Hoyt,1953,0.0
Rodger Ward,1953,0.0
Carl Scarborough,1953,0.0
Tony Bettenhausen,1953,0.0
Lance Macklin,1953,0.0
Paul Frère,1953,0.0
Ian Stewart,1953,0.0
Peter Whitehead,1953,0.0
John Fitch,1953,0.0
Carlos Menditeguy,1954,0.0
Roberto Mieres,1954,6.0
Onofre Marimón,1954,4.14
Danny Kladis,1954,0.0
Travis Webb,1954,0.0
Sergio Mantovani,1954,4.0
Georges Berger,1954,0.0
Hans Herrmann,1954,8.0
Don Freeland,1954,0.0
Giovanni de Riu,1954,0.0
Paco Godia,1954,0.0
Harry Schell,1954,0.0
George Fonder,1954,0.0
Len Duncan,1954,0.0
Jim Rathmann,1954,0.0
Andy Linden,1954,0.0
Frank Armi,1954,0.0
Jimmy Reece,1954,0.0
Larry Crockett,1954,0.0
Paul Russo,1954,0.0
Mike Hawthorn,1954,24.64
Ken Wharton,1954,0.0
Robert Manzon,1954,4.0
Don Beauman,1954,0.0
Piero Taruffi,1954,0.0
Jimmy Jackson,1954,0.0
Johnnie Parsons,1954,0.0
Art Cross,1954,0.0
Troy Ruttman,1954,1.5
Alberto Ascari,1954,1.0
Louis Rosier,1954,0.0
Jorge Daponte,1954,0.0
José Froilán González,1954,25.14
Eddie Johnson,1954,0.0
Bob Scott,1954,0.0
Jimmy Daywalt,1954,0.0
Sam Hanks,1954,0.0
Ernie McCoy,1954,0.0
Bob Sweikert,1954,0.0
Cal Niday,1954,0.0
Mike Nazaruk,1954,2.0
André Pilette,1954,2.0
Clemar Bucci,1954,0.0
Bill Whitehouse,1954,0.0
Horace Gould,1954,0.0
Leslie Thorne,1954,0.0
Theo Helfrich,1954,0.0
Ottorino Volonterio,1954,0.0
Roger Loyer,1954,0.0
Tony Bettenhausen,1954,0.0
Jerry Hoyt,1954,0.0
Johnny Thomson,1954,0.0
Gene Hartley,1954,0.0
Rodger Ward,1954,0.0
Pat O'Connor,1954,0.0
Ed Elisian,1954,0.0
Paul Frère,1954,0.0
Lance Macklin,1954,0.0
Alan Brown,1954,0.0
Peter Whitehead,1954,0.0
Élie Bayol,1954,2.0
Maurice Trintignant,1954,17.0
Pat Flaherty,1954,0.0
Marshall Teague,1954,0.0
Walt Faulkner,1954,0.0
Jacques Swaters,1954,0.0
Jack McGrath,1954,5.0
Roy Salvadori,1954,0.0
Karl Kling,1954,12.0
Reg Parnell,1954,0.0
Luigi Musso,1954,6.0
Toulo de Graffenried,1954,0.0
Prince Bira,1954,3.0
Jimmy Davies,1954,0.0
Bill Homeier,1954,0.0
Duane Carter,1954,1.5
Chuck Stevenson,1954,0.0
Jimmy Bryan,1954,6.0
Bill Vukovich,1954,8.0
Stirling Moss,1954,4.0
Ron Flockhart,1954,0.0
Rodney Nuckey,1954,0.0
Eric Brandon,1954,0.0
Leslie Marr,1954,0.0
Bob Gerard,1954,0.0
Nino Farina,1954,6.0
Juan Fangio,1954,42.0
Hermann Lang,1954,0.0
Fred Wacker,1954,0.0
Umberto Maglioli,1954,2.0
Manny Ayulo,1954,0.0
Fred Agabashian,1954,0.0
Jean Behra,1954,0.0
Jacques Pollet,1954,0.0
Luigi Villoresi,1954,2.0
Peter Collins,1954,0.0
John Riseley-Prichard,1954,0.0
Paul Frère,1955,3.0
Lance Macklin,1955,0.0
Jerry Hoyt,1955,0.0
Ed Elisian,1955,0.0
Rodger Ward,1955,0.0
Ray Crawford,1955,0.0
Pat O'Connor,1955,0.0
Johnny Thomson,1955,3.0
Tony Bettenhausen,1955,3.0
Hernando da Silva Ramos,1955,0.0
Jack Brabham,1955,0.0
John Fitch,1955,0.0
Alberto Ascari,1955,0.0
André Simon,1955,0.0
Johnnie Parsons,1955,0.0
Art Cross,1955,0.0
Kenneth McAlpine,1955,0.0
Harry Schell,1955,0.0
Mike Hawthorn,1955,0.0
Robert Manzon,1955,0.0
Piero Taruffi,1955,9.0
Paul Russo,1955,3.0
Jimmy Reece,1955,0.0
Al Keller,1955,0.0
Jim Rathmann,1955,0.0
Andy Linden,1955,0.0
Ken Wharton,1955,0.0
Luigi Piotti,1955,0.0
Karl Kling,1955,5.0
Élie Bayol,1955,0.0
Maurice Trintignant,1955,11.33
Jack McGrath,1955,0.0
Pat Flaherty,1955,0.0
Walt Faulkner,1955,1.0
Roy Salvadori,1955,0.0
Carlos Menditeguy,1955,2.0
Pablo Birger,1955,0.0
Sergio Mantovani,1955,0.0
Roberto Mieres,1955,7.0
Hans Herrmann,1955,1.0
Louis Chiron,1955,0.0
Johnny Boyd,1955,0.0
Shorty Templeman,1955,0.0
Don Freeland,1955,0.0
Al Herman,1955,0.0
Jack Fairman,1955,0.0
Jean Lucas,1955,0.0
Alberto Uria,1955,0.0
Clemar Bucci,1955,0.0
José Froilán González,1955,2.0
Louis Rosier,1955,0.0
Sam Hanks,1955,0.0
Cal Niday,1955,0.0
Eddie Johnson,1955,0.0
Jimmy Daywalt,1955,0.0
Bob Sweikert,1955,8.0
Horace Gould,1955,0.0
Mike Sparken,1955,0.0
Umberto Maglioli,1955,1.33
Luigi Villoresi,1955,2.0
Jean Behra,1955,6.0
Jesús Iglesias,1955,0.0
Cesare Perdisa,1955,2.0
Jacques Pollet,1955,0.0
Fred Agabashian,1955,0.0
Keith Andrews,1955,0.0
Peter Walker,1955,0.0
Peter Collins,1955,0.0
Stirling Moss,1955,23.0
Eugenio Castellotti,1955,12.0
Luigi Musso,1955,6.0
Nino Farina,1955,10.33
Juan Fangio,1955,40.0
Ted Whiteaway,1955,0.0
Bill Homeier,1955,1.0
Bill Vukovich,1955,1.0
Jimmy Bryan,1955,0.0
Eddie Russo,1955,0.0
Chuck Weyant,1955,0.0
Duane Carter,1955,0.0
Jimmy Davies,1955,4.0
Johnny Claes,1955,0.0
Leslie Marr,1955,0.0
Tony Rolt,1955,0.0
Juan Fangio,1956,30.0
Eugenio Castellotti,1956,7.5
Stirling Moss,1956,27.0
Chico Landi,1956,1.5
Luigi Musso,1956,4.0
Eddie Russo,1956,0.0
Jimmy Bryan,1956,0.0
Alfonso de Portago,1956,3.0
Ron Flockhart,1956,4.0
Bob Gerard,1956,0.0
Toulo de Graffenried,1956,0.0
Olivier Gendebien,1956,2.0
Tony Brooks,1956,0.0
Maurice Trintignant,1956,0.0
Élie Bayol,1956,0.0
Cliff Griffith,1956,0.0
Pat Flaherty,1956,8.0
Piero Scotti,1956,0.0
Roy Salvadori,1956,0.0
Desmond Titterington,1956,0.0
Óscar González,1956,0.0
José Froilán González,1956,0.0
Alberto Uria,1956,0.0
André Pilette,1956,0.0
Louis Rosier,1956,2.0
Horace Gould,1956,2.0
Jimmy Daywalt,1956,0.0
Eddie Johnson,1956,0.0
Bob Veith,1956,0.0
Bob Sweikert,1956,0.0
Sam Hanks,1956,6.0
Colin Chapman,1956,0.0
André Milhoux,1956,0.0
Ottorino Volonterio,1956,0.0
Troy Ruttman,1956,0.0
Johnnie Tolan,1956,0.0
Billy Garrett,1956,0.0
Johnnie Parsons,1956,3.0
André Simon,1956,0.0
Gerino Gerini,1956,1.5
Peter Collins,1956,25.0
Jean Behra,1956,22.0
Cesare Perdisa,1956,3.0
Keith Andrews,1956,0.0
Jack Turner,1956,0.0
Duke Dinsmore,1956,0.0
Fred Agabashian,1956,0.0
Luigi Villoresi,1956,2.0
Umberto Maglioli,1956,0.0
Les Leston,1956,0.0
Luigi Piotti,1956,0.0
Mike Hawthorn,1956,4.0
Giorgio Scarlatti,1956,0.0
Harry Schell,1956,3.0
Robert Manzon,1956,0.0
Paul Russo,1956,1.0
Andy Linden,1956,0.0
Jim Rathmann,1956,0.0
Al Keller,1956,0.0
Jimmy Reece,1956,0.0
Archie Scott Brown,1956,0.0
Piero Taruffi,1956,0.0
Carlos Menditeguy,1956,0.0
Louis Chiron,1956,0.0
Johnny Boyd,1956,0.0
Al Herman,1956,0.0
Bob Christie,1956,0.0
Dick Rathmann,1956,2.0
Don Freeland,1956,4.0
Paco Godia,1956,6.0
Bruce Halford,1956,0.0
Jack Fairman,1956,5.0
Wolfgang von Trips,1956,0.0
Hernando da Silva Ramos,1956,2.0
Johnny Thomson,1956,0.0
Ray Crawford,1956,0.0
Ed Elisian,1956,0.0
Tony Bettenhausen,1956,0.0
Pat O'Connor,1956,0.0
Gene Hartley,1956,0.0
Rodger Ward,1956,0.0
Paul Frère,1956,6.0
Jack Brabham,1956,0.0
Paul Emery,1956,0.0
Jo Bonnier,1956,0.0
Mike Hawthorn,1957,13.0
Luigi Piotti,1957,0.0
Harry Schell,1957,10.0
Giorgio Scarlatti,1957,1.0
Stuart Lewis-Evans,1957,5.0
Al Keller,1957,0.0
Jimmy Reece,1957,0.0
Andy Linden,1957,2.0
Paul Russo,1957,3.0
Jim Rathmann,1957,7.0
Herbert MacKay-Fraser,1957,0.0
Mike MacDowel,1957,0.0
Carel Godin de Beaufort,1957,0.0
Wolfgang von Trips,1957,4.0
Carlos Menditeguy,1957,4.0
Hans Herrmann,1957,0.0
Al Herman,1957,0.0
Don Freeland,1957,0.0
Bob Christie,1957,0.0
Johnny Boyd,1957,0.0
Jack Fairman,1957,0.0
Paco Godia,1957,0.0
Bruce Halford,1957,0.0
Jo Bonnier,1957,0.0
Jack Brabham,1957,0.0
Rodger Ward,1957,0.0
Ed Elisian,1957,0.0
Don Edmunds,1957,0.0
Tony Bettenhausen,1957,0.0
Johnny Thomson,1957,0.0
Gene Hartley,1957,0.0
Pat O'Connor,1957,0.0
Peter Collins,1957,8.0
Cesare Perdisa,1957,0.0
Jean Behra,1957,6.0
Les Leston,1957,0.0
Elmer George,1957,0.0
Fred Agabashian,1957,0.0
Jack Turner,1957,0.0
Umberto Maglioli,1957,0.0
Edgar Barth,1957,0.0
Alessandro de Tomaso,1957,0.0
André Simon,1957,0.0
Masten Gregory,1957,10.0
Troy Ruttman,1957,0.0
Johnnie Tolan,1957,0.0
Johnnie Parsons,1957,0.0
Brian Naylor,1957,0.0
Luigi Musso,1957,16.0
Eugenio Castellotti,1957,0.0
Stirling Moss,1957,25.0
Alfonso de Portago,1957,1.0
Juan Fangio,1957,40.0
Ron Flockhart,1957,0.0
Eddie Russo,1957,0.0
Mike Magill,1957,0.0
Chuck Weyant,1957,0.0
Jimmy Bryan,1957,4.0
Bob Gerard,1957,0.0
Roy Salvadori,1957,2.0
Maurice Trintignant,1957,5.0
Tony Brooks,1957,11.0
Bill Cheesbourg,1957,0.0
Eddie Sachs,1957,0.0
Marshall Teague,1957,0.0
Dick Gibson,1957,0.0
Paul England,1957,0.0
José Froilán González,1957,1.0
Horace Gould,1957,0.0
Ivor Bueb,1957,0.0
Jimmy Daywalt,1957,0.0
Eddie Johnson,1957,0.0
Bob Veith,1957,0.0
Sam Hanks,1957,8.0
Tony Marsh,1957,0.0
Ottorino Volonterio,1957,0.0
Harry Schell,1958,14.0
Mike Hawthorn,1958,42.0
Luigi Taramazzo,1958,0.0
Luigi Piotti,1958,0.0
Maria de Filippis,1958,0.0
Ken Kavanagh,1958,0.0
Stuart Lewis-Evans,1958,11.0
Giorgio Scarlatti,1958,0.0
Cliff Allison,1958,3.0
Carel Godin de Beaufort,1958,0.0
Jerry Unser,1958,0.0
Paul Russo,1958,0.0
Al Keller,1958,0.0
Jimmy Reece,1958,0.0
Jim Rathmann,1958,2.0
George Amick,1958,6.0
François Picard,1958,0.0
Paco Godia,1958,0.0
Carlos Menditeguy,1958,0.0
Louis Chiron,1958,0.0
Bernie Ecclestone,1958,0.0
Graham Hill,1958,0.0
Wolfgang von Trips,1958,9.0
Len Sutton,1958,0.0
Dick Rathmann,1958,0.0
Shorty Templeman,1958,0.0
Anthony Foyt,1958,0.0
Bob Christie,1958,0.0
Don Freeland,1958,0.0
Johnny Boyd,1958,4.0
Jack Fairman,1958,0.0
Ian Burgess,1958,0.0
Peter Collins,1958,14.0
Jean Behra,1958,9.0
Bruce Kessler,1958,0.0
Gerino Gerini,1958,0.0
Jack Turner,1958,0.0
Edgar Barth,1958,0.0
Giulio Cabianca,1958,0.0
Masten Gregory,1958,0.0
Art Bisch,1958,0.0
Billy Garrett,1958,0.0
Johnnie Tolan,1958,0.0
Johnnie Parsons,1958,0.0
Troy Ruttman,1958,0.0
Brian Naylor,1958,0.0
Robert La Caze,1958,0.0
Juan Fangio,1958,7.0
Luigi Musso,1958,12.0
Stirling Moss,1958,41.0
Ron Flockhart,1958,0.0
Paul Goldsmith,1958,0.0
Chuck Weyant,1958,0.0
Mike Magill,1958,0.0
Jimmy Bryan,1958,8.0
Tony Brooks,1958,24.0
Roy Salvadori,1958,15.0
Maurice Trintignant,1958,12.0
Eddie Sachs,1958,0.0
Bill Cheesbourg,1958,0.0
Olivier Gendebien,1958,0.0
Alan Stacey,1958,0.0
Dick Gibson,1958,0.0
Tom Bridger,1958,0.0
Horace Gould,1958,0.0
Bob Veith,1958,0.0
Dempsey Wilson,1958,0.0
Eddie Johnson,1958,0.0
Jud Larson,1958,0.0
Wolfgang Seidel,1958,0.0
Ivor Bueb,1958,0.0
Hans Herrmann,1958,0.0
Christian Goethals,1958,0.0
André Guelfi,1958,0.0
André Testut,1958,0.0
Paul Emery,1958,0.0
Jo Bonnier,1958,3.0
Jack Brabham,1958,3.0
Pat O'Connor,1958,0.0
Ed Elisian,1958,0.0
Johnny Thomson,1958,0.0
Rodger Ward,1958,0.0
Tony Bettenhausen,1958,4.0
Carroll Shelby,1958,0.0
Phil Hill,1958,9.0
Bruce McLaren,1958,0.0
Tony Marsh,1958,0.0
André Testut,1959,0.0
Jo Bonnier,1959,10.0
Jack Brabham,1959,31.0
Phil Hill,1959,20.0
Bruce McLaren,1959,16.5
Bobby Grim,1959,0.0
Ray Crawford,1959,0.0
Gene Hartley,1959,0.0
Carroll Shelby,1959,0.0
Rodger Ward,1959,8.0
Johnny Thomson,1959,5.0
Tony Bettenhausen,1959,3.0
Azdrubal Fontes,1959,0.0
Masten Gregory,1959,10.0
Keith Greene,1959,0.0
Brian Naylor,1959,0.0
Henry Taylor,1959,0.0
Giulio Cabianca,1959,0.0
Alessandro de Tomaso,1959,0.0
Harry Blanchard,1959,0.0
Maria de Filippis,1959,0.0
Giorgio Scarlatti,1959,0.0
Cliff Allison,1959,2.0
Harry Schell,1959,5.0
Al Keller,1959,0.0
Chuck Arnold,1959,0.0
Paul Russo,1959,0.0
Carel Godin de Beaufort,1959,0.0
Jim Rathmann,1959,6.0
Colin Davis,1959,0.0
Dan Gurney,1959,13.0
Fritz d'Orey,1959,0.0
Mike Taylor,1959,0.0
Lucien Bianchi,1959,0.0
Roy Salvadori,1959,0.0
Tony Brooks,1959,27.0
Maurice Trintignant,1959,19.0
Don Branson,1959,0.0
Bill Cheesbourg,1959,0.0
Pat Flaherty,1959,0.0
Eddie Sachs,1959,0.0
Olivier Gendebien,1959,3.0
Mike Parkes,1959,0.0
David Piper,1959,0.0
Peter Ashdown,1959,0.0
Alan Stacey,1959,0.0
Mário de Araújo Cabral,1959,0.0
Alain de Changy,1959,0.0
Bruce Halford,1959,0.0
Wolfgang von Trips,1959,0.0
Graham Hill,1959,0.0
Len Sutton,1959,0.0
Bob Christie,1959,0.0
Don Freeland,1959,0.0
Dick Rathmann,1959,0.0
Al Herman,1959,0.0
Anthony Foyt,1959,0.0
Johnny Boyd,1959,0.0
Ian Burgess,1959,0.0
Bill Moss,1959,0.0
Hans Herrmann,1959,0.0
Jack Fairman,1959,0.0
Chris Bristow,1959,0.0
Pete Lovely,1959,0.0
Ivor Bueb,1959,0.0
Red Amick,1959,0.0
Jud Larson,1959,0.0
Jim McWithey,1959,0.0
Jimmy Daywalt,1959,0.0
Bob Veith,1959,0.0
Eddie Johnson,1959,0.0
Tim Parnell,1959,0.0
Dennis Taylor,1959,0.0
Phil Cade,1959,0.0
Jean Lucienbonnet,1959,0.0
Jean Behra,1959,2.0
Jack Turner,1959,0.0
Innes Ireland,1959,5.0
Bob Said,1959,0.0
George Constantine,1959,0.0
Ron Flockhart,1959,0.0
Stirling Moss,1959,25.5
Jimmy Bryan,1959,0.0
Mike Magill,1959,0.0
Chuck Weyant,1959,0.0
Duane Carter,1959,0.0
Paul Goldsmith,1959,2.0
Trevor Taylor,1959,0.0
Antonio Creus,1960,0.0
Masten Gregory,1960,0.0
Brian Naylor,1960,0.0
Gene Force,1960,0.0
Troy Ruttman,1960,0.0
Henry Taylor,1960,3.0
Keith Greene,1960,0.0
Giulio Cabianca,1960,3.0
Bob Drake,1960,0.0
Jack Brabham,1960,43.0
Gino Munaron,1960,0.0
Phil Hill,1960,16.0
Jo Bonnier,1960,4.0
Bruce McLaren,1960,34.0
Tony Bettenhausen,1960,0.0
Bobby Grim,1960,0.0
Gene Hartley,1960,0.0
Lloyd Ruby,1960,0.0
Johnny Thomson,1960,2.0
Rodger Ward,1960,6.0
Willy Mairesse,1960,4.0
Alfonso Thiele,1960,0.0
Fred Gamble,1960,0.0
Jim Hall,1960,0.0
Graham Hill,1960,4.0
Wolfgang von Trips,1960,10.0
Carlos Menditeguy,1960,3.0
Ian Burgess,1960,0.0
Bruce Halford,1960,0.0
Chris Bristow,1960,0.0
Al Herman,1960,0.0
Dick Rathmann,1960,0.0
Len Sutton,1960,0.0
Johnny Boyd,1960,0.0
Anthony Foyt,1960,0.0
Don Freeland,1960,0.0
Shorty Templeman,1960,0.0
Bob Christie,1960,0.0
Jack Fairman,1960,0.0
Hans Herrmann,1960,1.0
Stirling Moss,1960,19.0
John Surtees,1960,6.0
Eddie Russo,1960,0.0
Jimmy Bryan,1960,0.0
Chuck Stevenson,1960,0.0
Bill Homeier,1960,0.0
Duane Carter,1960,0.0
Paul Goldsmith,1960,4.0
Ron Flockhart,1960,1.0
Giorgio Scarlatti,1960,0.0
Ettore Chimeri,1960,0.0
Harry Schell,1960,0.0
Nasif Estéfano,1960,0.0
Cliff Allison,1960,6.0
Dan Gurney,1960,0.0
Richie Ginther,1960,8.0
Jim Rathmann,1960,8.0
Carel Godin de Beaufort,1960,0.0
Mike Taylor,1960,0.0
Arthur Owen,1960,0.0
Piero Drogo,1960,0.0
Roberto Bonomi,1960,0.0
Innes Ireland,1960,18.0
Jim Hurtubise,1960,0.0
Bud Tingelstad,1960,0.0
Edgar Barth,1960,0.0
José Froilán González,1960,0.0
Alberto Rodriguez Larreta,1960,0.0
Lance Reventlow,1960,0.0
Dempsey Wilson,1960,0.0
Jim McWithey,1960,0.0
Red Amick,1960,0.0
Bob Veith,1960,0.0
Eddie Johnson,1960,1.0
Horace Gould,1960,0.0
Vic Wilson,1960,0.0
Wolfgang Seidel,1960,0.0
Pete Lovely,1960,0.0
Alan Stacey,1960,0.0
Chuck Daigh,1960,0.0
Maurice Trintignant,1960,0.0
Roy Salvadori,1960,0.0
Tony Brooks,1960,7.0
Wayne Weiler,1960,0.0
Eddie Sachs,1960,0.0
Don Branson,1960,3.0
Jim Clark,1960,8.0
Lucien Bianchi,1960,1.0
Olivier Gendebien,1960,10.0
David Piper,1960,0.0
Mário de Araújo Cabral,1960,0.0
Innes Ireland,1961,12.0
Edgar Barth,1961,0.0
Michael May,1961,0.0
Wolfgang Seidel,1961,0.0
Tony Marsh,1961,0.0
Tim Parnell,1961,0.0
André Pilette,1961,0.0
Gaetano Starrabba,1961,0.0
Olivier Gendebien,1961,3.0
Lucien Bianchi,1961,0.0
Tony Brooks,1961,6.0
Jim Clark,1961,11.0
Maurice Trintignant,1961,0.0
Roy Salvadori,1961,2.0
Gerry Ashmore,1961,0.0
John Campbell-Jones,1961,0.0
Ernesto Prinoth,1961,0.0
Peter Ryan,1961,0.0
Cliff Allison,1961,0.0
Dan Gurney,1961,21.0
Richie Ginther,1961,16.0
Carel Godin de Beaufort,1961,0.0
Giorgio Scarlatti,1961,0.0
Geoff Duke,1961,0.0
Menato Boffa,1961,0.0
Roger Penske,1961,0.0
John Surtees,1961,4.0
Stirling Moss,1961,21.0
Trevor Taylor,1961,0.0
Peter Monteverdi,1961,0.0
Nino Vaccarella,1961,0.0
Walt Hansgen,1961,0.0
Masten Gregory,1961,0.0
Henry Taylor,1961,0.0
Lorenzo Bandini,1961,0.0
Jackie Lewis,1961,3.0
Brian Naylor,1961,0.0
Keith Greene,1961,0.0
Renato Pirocchi,1961,0.0
Roberto Bussinello,1961,0.0
Ricardo Rodríguez,1961,0.0
Jack Brabham,1961,4.0
Jo Bonnier,1961,3.0
Bruce McLaren,1961,11.0
Phil Hill,1961,34.0
Willy Mairesse,1961,0.0
Massimo Natili,1961,0.0
Tony Maggs,1961,0.0
Alfonso Thiele,1961,0.0
Ken Miles,1961,0.0
Lloyd Ruby,1961,0.0
Jim Hall,1961,0.0
Graham Hill,1961,3.0
Hans Herrmann,1961,0.0
Wolfgang von Trips,1961,33.0
Ian Burgess,1961,0.0
Juan Manuel Bordeu,1961,0.0
Bernard Collomb,1961,0.0
Giancarlo Baghetti,1961,9.0
Roberto Lippi,1961,0.0
Jack Fairman,1961,0.0
Hap Sharp,1961,0.0
Ben Pon,1962,0.0
John Surtees,1962,19.0
Trevor Taylor,1962,6.0
Nino Vaccarella,1962,0.0
Jay Chamberlain,1962,0.0
Tony Settember,1962,0.0
Maurice Trintignant,1962,0.0
Roy Salvadori,1962,0.0
Jim Clark,1962,30.0
Gerry Ashmore,1962,0.0
John Campbell-Jones,1962,0.0
Lucien Bianchi,1962,0.0
Carlo Abate,1962,0.0
Ernesto Prinoth,1962,0.0
Rob Schroeder,1962,0.0
Doug Serrurier,1962,0.0
Bruce Johnstone,1962,0.0
John Love,1962,0.0
Wolfgang Seidel,1962,0.0
Tony Marsh,1962,0.0
Tony Shelly,1962,0.0
Masten Gregory,1962,1.0
Ricardo Rodríguez,1962,4.0
Jackie Lewis,1962,0.0
Roberto Bussinello,1962,0.0
Lorenzo Bandini,1962,4.0
Keith Greene,1962,0.0
Syd van der Vyver,1962,0.0
Gary Hocking,1962,0.0
Mike Harris,1962,0.0
Ernie Pieterse,1962,0.0
Innes Ireland,1962,2.0
Heinz Schiller,1962,0.0
Sam Tingle,1962,0.0
Rob Slotemaker,1962,0.0
Dan Gurney,1962,15.0
Richie Ginther,1962,10.0
Carel Godin de Beaufort,1962,2.0
Colin Davis,1962,0.0
Heini Walter,1962,0.0
Nasif Estéfano,1962,0.0
Roger Penske,1962,0.0
Neville Lederle,1962,1.0
Giancarlo Baghetti,1962,5.0
Graham Hill,1962,42.0
Jo Siffert,1962,0.0
Ian Burgess,1962,0.0
Peter Arundell,1962,0.0
Bernard Collomb,1962,0.0
Roberto Lippi,1962,0.0
Hap Sharp,1962,0.0
Jack Brabham,1962,9.0
Bruce McLaren,1962,27.0
Jo Bonnier,1962,3.0
Tony Maggs,1962,13.0
Phil Hill,1962,14.0
Willy Mairesse,1962,3.0
Günther Seiffert,1962,0.0
Kurt Kuhnke,1962,0.0
Jim Hall,1962,0.0
Timmy Mayer,1962,0.0
Carel Godin de Beaufort,1963,2.0
Nasif Estéfano,1963,0.0
Dan Gurney,1963,19.0
Richie Ginther,1963,29.0
Mike Spence,1963,0.0
Ernie de Vos,1963,0.0
Neville Lederle,1963,0.0
Trevor Blokdyk,1963,0.0
Ian Burgess,1963,0.0
Giancarlo Baghetti,1963,0.0
Bernard Collomb,1963,0.0
Jo Siffert,1963,1.0
Graham Hill,1963,29.0
Ludovico Scarfiotti,1963,1.0
Peter Arundell,1963,0.0
Ian Raby,1963,0.0
Roberto Lippi,1963,0.0
Hap Sharp,1963,0.0
Phil Hill,1963,0.0
Chris Amon,1963,0.0
Jim Hall,1963,3.0
Willy Mairesse,1963,0.0
Jack Brabham,1963,14.0
Jo Bonnier,1963,6.0
Tony Maggs,1963,9.0
Bruce McLaren,1963,17.0
Bob Anderson,1963,0.0
Kurt Kuhnke,1963,0.0
Günther Seiffert,1963,0.0
Rodger Ward,1963,0.0
Peter Broeker,1963,0.0
Paddy Driver,1963,0.0
David Prophet,1963,0.0
Brausch Niemann,1963,0.0
Innes Ireland,1963,6.0
Sam Tingle,1963,0.0
Lorenzo Bandini,1963,6.0
Masten Gregory,1963,0.0
Thomas Monarch,1963,0.0
Frank Dochnal,1963,0.0
Ernie Pieterse,1963,0.0
Tony Settember,1963,0.0
Trevor Taylor,1963,1.0
John Surtees,1963,22.0
Mike Hailwood,1963,0.0
Walt Hansgen,1963,0.0
Pedro Rodríguez,1963,0.0
Moisés Solana,1963,0.0
John Campbell-Jones,1963,0.0
Maurice Trintignant,1963,0.0
Jim Clark,1963,54.0
Lucien Bianchi,1963,0.0
Mário de Araújo Cabral,1963,0.0
Carlo Abate,1963,0.0
Ernesto Brambilla,1963,0.0
John Love,1963,0.0
Doug Serrurier,1963,0.0
Gerhard Mitter,1963,3.0
Tim Parnell,1963,0.0
André Pilette,1963,0.0
Gaetano Starrabba,1963,0.0
Peter de Klerk,1963,0.0
Tony Maggs,1964,4.0
Chris Amon,1964,2.0
Bruce McLaren,1964,13.0
Jack Brabham,1964,11.0
Phil Hill,1964,1.0
Bob Anderson,1964,5.0
Jo Bonnier,1964,3.0
Lorenzo Bandini,1964,23.0
John Taylor,1964,0.0
Dan Gurney,1964,19.0
Richie Ginther,1964,23.0
Carel Godin de Beaufort,1964,0.0
Mike Spence,1964,4.0
Peter Revson,1964,0.0
Maurice Trintignant,1964,2.0
Jim Clark,1964,32.0
Richard Attwood,1964,0.0
Ronnie Bucknum,1964,0.0
John Love,1964,0.0
Giacomo Russo,1964,0.0
Mário de Araújo Cabral,1964,0.0
Giancarlo Baghetti,1964,0.0
Bernard Collomb,1964,0.0
Jo Siffert,1964,7.0
Peter Arundell,1964,11.0
Graham Hill,1964,39.0
Ian Raby,1964,0.0
Ludovico Scarfiotti,1964,0.0
Hap Sharp,1964,0.0
André Pilette,1964,0.0
Gerhard Mitter,1964,0.0
Jochen Rindt,1964,0.0
Innes Ireland,1964,4.0
Edgar Barth,1964,0.0
Trevor Taylor,1964,1.0
John Surtees,1964,40.0
Mike Hailwood,1964,1.0
Frank Gardner,1964,0.0
Walt Hansgen,1964,2.0
Moisés Solana,1964,0.0
Pedro Rodríguez,1964,1.0
Sam Tingle,1965,0.0
Innes Ireland,1965,0.0
Dave Charlton,1965,0.0
Jochen Rindt,1965,4.0
Peter de Klerk,1965,0.0
Brian Gubby,1965,0.0
Gerhard Mitter,1965,0.0
Giorgio Bassi,1965,0.0
Alex Blignaut,1965,0.0
David Clapham,1965,0.0
Doug Serrurier,1965,0.0
John Love,1965,0.0
Jim Clark,1965,54.0
Ronnie Bucknum,1965,2.0
Richard Attwood,1965,2.0
Lucien Bianchi,1965,0.0
Giacomo Russo,1965,0.0
Bob Bondurant,1965,0.0
Clive Puzey,1965,0.0
Neville Lederle,1965,0.0
Trevor Blokdyk,1965,0.0
Dan Gurney,1965,25.0
Mike Spence,1965,10.0
Richie Ginther,1965,11.0
Alan Rollinson,1965,0.0
Frank Gardner,1965,0.0
Jackie Stewart,1965,33.0
John Surtees,1965,17.0
Mike Hailwood,1965,0.0
Nino Vaccarella,1965,0.0
Moisés Solana,1965,0.0
Pedro Rodríguez,1965,2.0
Ernie Pieterse,1965,0.0
Lorenzo Bandini,1965,13.0
Masten Gregory,1965,0.0
John Rhodes,1965,0.0
Roberto Bussinello,1965,0.0
Ray Reed,1965,0.0
Brausch Niemann,1965,0.0
Jo Bonnier,1965,0.0
Bob Anderson,1965,0.0
David Prophet,1965,0.0
Tony Maggs,1965,0.0
Jack Brabham,1965,9.0
Bruce McLaren,1965,10.0
Chris Amon,1965,0.0
Jackie Pretorius,1965,0.0
Paul Hawkins,1965,0.0
Jo Siffert,1965,5.0
Graham Hill,1965,40.0
Denny Hulme,1965,5.0
Ian Raby,1965,0.0
Giancarlo Baghetti,1965,0.0
Ludovico Scarfiotti,1965,0.0
Chris Irwin,1966,0.0
Innes Ireland,1966,0.0
Jochen Rindt,1966,22.0
Vic Wilson,1966,0.0
Chris Lawrence,1966,0.0
Jim Clark,1966,16.0
Bob Bondurant,1966,3.0
Mike Parkes,1966,12.0
Giacomo Russo,1966,0.0
Ronnie Bucknum,1966,0.0
Mike Spence,1966,4.0
Richie Ginther,1966,5.0
Dan Gurney,1966,4.0
John Surtees,1966,28.0
Bob Anderson,1966,1.0
Bruce McLaren,1966,3.0
Jack Brabham,1966,42.0
Jo Bonnier,1966,1.0
Chris Amon,1966,0.0
Phil Hill,1966,0.0
Denny Hulme,1966,18.0
Jo Siffert,1966,3.0
Graham Hill,1966,17.0
Peter Arundell,1966,1.0
Ludovico Scarfiotti,1966,9.0
Jackie Stewart,1966,14.0
Pedro Rodríguez,1966,0.0
Trevor Taylor,1966,0.0
Moisés Solana,1966,0.0
Guy Ligier,1966,0.0
Lorenzo Bandini,1966,12.0
John Taylor,1966,1.0
Giancarlo Baghetti,1966,0.0
Jo Bonnier,1967,3.0
Bruce McLaren,1967,3.0
Chris Amon,1967,20.0
Bob Anderson,1967,2.0
Jack Brabham,1967,46.0
Jean-Pierre Beltoise,1967,0.0
Lorenzo Bandini,1967,0.0
Guy Ligier,1967,1.0
Silvio Moser,1967,0.0
Alan Rees,1967,0.0
Mike Spence,1967,9.0
Dan Gurney,1967,13.0
Richie Ginther,1967,0.0
Johnny Servoz-Gavin,1967,0.0
Kurt Ahrens,1967,0.0
Al Pease,1967,0.0
Mike Fisher,1967,0.0
Jim Clark,1967,41.0
John Love,1967,6.0
Mike Parkes,1967,2.0
Tom Jones,1967,0.0
Richard Attwood,1967,0.0
Graham Hill,1967,15.0
Jo Siffert,1967,6.0
Denny Hulme,1967,51.0
Ludovico Scarfiotti,1967,1.0
David Hobbs,1967,0.0
Jo Schlesser,1967,0.0
Hubert Hahne,1967,0.0
Jackie Oliver,1967,0.0
Giancarlo Baghetti,1967,0.0
Jochen Rindt,1967,6.0
Dave Charlton,1967,0.0
Jonathan Williams,1967,0.0
Piers Courage,1967,0.0
Sam Tingle,1967,0.0
Luki Botha,1967,0.0
Chris Irwin,1967,2.0
Jackie Stewart,1967,10.0
John Surtees,1967,20.0
Brian Hart,1967,0.0
Jacky Ickx,1967,1.0
Moisés Solana,1967,0.0
Pedro Rodríguez,1967,15.0
Jean-Pierre Beltoise,1968,11.0
Silvio Moser,1968,2.0
Jack Brabham,1968,2.0
Jo Bonnier,1968,3.0
Chris Amon,1968,10.0
Bruce McLaren,1968,22.0
Bill Brack,1968,0.0
Ludovico Scarfiotti,1968,6.0
Andrea de Adamich,1968,0.0
Jackie Pretorius,1968,0.0
Jo Siffert,1968,12.0
Denny Hulme,1968,33.0
Graham Hill,1968,48.0
Jackie Oliver,1968,6.0
Jo Schlesser,1968,0.0
Hubert Hahne,1968,0.0
David Hobbs,1968,0.0
Pedro Rodríguez,1968,18.0
Jackie Stewart,1968,36.0
Jacky Ickx,1968,27.0
John Surtees,1968,12.0
Frank Gardner,1968,0.0
Derek Bell,1968,0.0
Henri Pescarolo,1968,0.0
Moisés Solana,1968,0.0
Brian Redman,1968,4.0
Mike Spence,1968,0.0
Dan Gurney,1968,3.0
Johnny Servoz-Gavin,1968,6.0
Kurt Ahrens,1968,0.0
Bobby Unser,1968,0.0
Sam Tingle,1968,0.0
Piers Courage,1968,4.0
Vic Elford,1968,5.0
Mario Andretti,1968,0.0
Dave Charlton,1968,0.0
Jochen Rindt,1968,8.0
Basil van Rooyen,1968,0.0
John Love,1968,0.0
Jim Clark,1968,9.0
Lucien Bianchi,1968,5.0
Richard Attwood,1968,6.0
Robin Widdows,1968,0.0
Johnny Servoz-Gavin,1969,1.0
Jackie Oliver,1969,1.0
Jo Siffert,1969,15.0
Denny Hulme,1969,20.0
Graham Hill,1969,19.0
Jack Brabham,1969,14.0
Chris Amon,1969,4.0
Bruce McLaren,1969,26.0
Jo Bonnier,1969,0.0
Bill Brack,1969,0.0
Mario Andretti,1969,0.0
Sam Tingle,1969,0.0
Piers Courage,1969,16.0
Vic Elford,1969,3.0
John Cordts,1969,0.0
Jean-Pierre Beltoise,1969,21.0
Silvio Moser,1969,1.0
Jacky Ickx,1969,37.0
Pedro Rodríguez,1969,3.0
John Surtees,1969,6.0
Jackie Stewart,1969,63.0
Derek Bell,1969,0.0
George Eaton,1969,0.0
Basil van Rooyen,1969,0.0
John Love,1969,0.0
Richard Attwood,1969,3.0
Jochen Rindt,1969,22.0
Peter de Klerk,1969,0.0
John Miles,1969,0.0
Pete Lovely,1969,0.0
George Eaton,1970,0.0
John Surtees,1970,3.0
Jacky Ickx,1970,40.0
Pedro Rodríguez,1970,23.0
Henri Pescarolo,1970,8.0
Jackie Stewart,1970,25.0
Derek Bell,1970,1.0
John Love,1970,0.0
Alex Soler-Roig,1970,0.0
Jochen Rindt,1970,45.0
Dave Charlton,1970,0.0
Peter de Klerk,1970,0.0
John Miles,1970,2.0
Pete Lovely,1970,0.0
Peter Gethin,1970,1.0
Rolf Stommelen,1970,10.0
Jean-Pierre Beltoise,1970,16.0
Ronnie Peterson,1970,0.0
Silvio Moser,1970,0.0
Clay Regazzoni,1970,33.0
Emerson Fittipaldi,1970,12.0
Peter Westbury,1970,0.0
Gus Hutchison,1970,0.0
Mario Andretti,1970,4.0
Piers Courage,1970,0.0
Nanni Galli,1970,0.0
Johnny Servoz-Gavin,1970,2.0
Dan Gurney,1970,1.0
François Cevert,1970,1.0
Brian Redman,1970,0.0
Tim Schenken,1970,0.0
Jackie Oliver,1970,2.0
Jo Siffert,1970,0.0
Graham Hill,1970,7.0
Denny Hulme,1970,27.0
Andrea de Adamich,1970,0.0
Ignazio Giunti,1970,3.0
Hubert Hahne,1970,0.0
Reine Wisell,1970,4.0
Chris Amon,1970,23.0
Bruce McLaren,1970,6.0
Jack Brabham,1970,25.0
Jo Bonnier,1970,0.0
Alex Soler-Roig,1971,0.0
John Love,1971,0.0
François Mazet,1971,0.0
Helmut Marko,1971,0.0
Mark Donohue,1971,4.0
Peter Revson,1971,0.0
Pedro Rodríguez,1971,9.0
John Surtees,1971,3.0
Henri Pescarolo,1971,4.0
Jacky Ickx,1971,19.0
Jackie Stewart,1971,62.0
Derek Bell,1971,0.0
Jean-Pierre Jarier,1971,0.0
Mike Hailwood,1971,3.0
George Eaton,1971,0.0
John Cannon,1971,0.0
Mario Andretti,1971,12.0
Max Jean,1971,0.0
Nanni Galli,1971,0.0
Vic Elford,1971,0.0
Chris Craft,1971,0.0
Jo Bonnier,1971,0.0
Chris Amon,1971,9.0
Peter Gethin,1971,9.0
Dave Charlton,1971,0.0
Howden Ganley,1971,5.0
Skip Barber,1971,0.0
Niki Lauda,1971,0.0
Pete Lovely,1971,0.0
Jackie Pretorius,1971,0.0
Jo Siffert,1971,19.0
Andrea de Adamich,1971,0.0
Graham Hill,1971,2.0
Denny Hulme,1971,9.0
Reine Wisell,1971,9.0
Jackie Oliver,1971,0.0
David Hobbs,1971,0.0
François Cevert,1971,26.0
Brian Redman,1971,0.0
Tim Schenken,1971,5.0
Gijs van Lennep,1971,0.0
Mike Beuttler,1971,0.0
Sam Posey,1971,0.0
Emerson Fittipaldi,1971,16.0
Rolf Stommelen,1971,3.0
Ronnie Peterson,1971,33.0
Clay Regazzoni,1971,13.0
Jean-Pierre Beltoise,1971,1.0
David Walker,1971,0.0
Silvio Moser,1971,0.0
Mario Andretti,1972,4.0
Nanni Galli,1972,0.0
Jody Scheckter,1972,0.0
Peter Gethin,1972,1.0
Niki Lauda,1972,0.0
Howden Ganley,1972,4.0
Dave Charlton,1972,0.0
Wilson Fittipaldi,1972,0.0
Skip Barber,1972,0.0
Alex Soler-Roig,1972,0.0
Peter Revson,1972,23.0
Helmut Marko,1972,0.0
John Love,1972,0.0
Arturo Merzario,1972,1.0
François Cevert,1972,15.0
Tim Schenken,1972,2.0
Mike Beuttler,1972,0.0
Brian Redman,1972,4.0
Sam Posey,1972,0.0
Henri Pescarolo,1972,0.0
Jacky Ickx,1972,27.0
Jackie Stewart,1972,45.0
Mike Hailwood,1972,13.0
Derek Bell,1972,0.0
John Surtees,1972,0.0
Emerson Fittipaldi,1972,61.0
Ronnie Peterson,1972,12.0
Clay Regazzoni,1972,15.0
Jean-Pierre Beltoise,1972,9.0
Carlos Pace,1972,3.0
Rolf Stommelen,1972,0.0
David Walker,1972,0.0
François Migault,1972,0.0
Chris Amon,1972,12.0
Bill Brack,1972,0.0
Graham Hill,1972,4.0
Andrea de Adamich,1972,3.0
Reine Wisell,1972,0.0
Carlos Reutemann,1972,3.0
Denny Hulme,1972,39.0
Patrick Depailler,1972,0.0
Jackie Oliver,1972,0.0
Carlos Reutemann,1973,16.0
Denny Hulme,1973,26.0
Jackie Oliver,1973,4.0
Jackie Pretorius,1973,0.0
Andrea de Adamich,1973,3.0
George Follmer,1973,5.0
Graham Hill,1973,0.0
Reine Wisell,1973,0.0
Rikky von Opel,1973,0.0
John Watson,1973,0.0
Niki Lauda,1973,2.0
Howden Ganley,1973,1.0
Wilson Fittipaldi,1973,3.0
Dave Charlton,1973,0.0
Peter Gethin,1973,0.0
Chris Amon,1973,1.0
Graham McRae,1973,0.0
Arturo Merzario,1973,6.0
Peter Revson,1973,38.0
Luiz Bueno,1973,0.0
Eddie Keizan,1973,0.0
James Hunt,1973,14.0
Roger Williamson,1973,0.0
Jochen Mass,1973,0.0
Mike Hailwood,1973,0.0
Jean-Pierre Jarier,1973,0.0
Jacky Ickx,1973,12.0
Jackie Stewart,1973,71.0
Henri Pescarolo,1973,0.0
Nanni Galli,1973,0.0
Jody Scheckter,1973,0.0
Mike Beuttler,1973,0.0
François Cevert,1973,47.0
Gijs van Lennep,1973,1.0
Tim Schenken,1973,0.0
Carlos Pace,1973,7.0
Ronnie Peterson,1973,52.0
Jean-Pierre Beltoise,1973,9.0
Clay Regazzoni,1973,2.0
Emerson Fittipaldi,1973,55.0
Rolf Stommelen,1973,0.0
David Purley,1973,0.0
Richard Robarts,1974,0.0
Graham Hill,1974,1.0
John Watson,1974,6.0
Carlos Reutemann,1974,32.0
Patrick Depailler,1974,14.0
Denny Hulme,1974,20.0
Rikky von Opel,1974,0.0
Bertil Roos,1974,0.0
Reine Wisell,1974,0.0
Jacques Laffite,1974,0.0
David Hobbs,1974,0.0
Carlo Facetti,1974,0.0
Eppie Wietzes,1974,0.0
Tim Schenken,1974,0.0
Brian Redman,1974,0.0
Teddy Pilette,1974,0.0
Gijs van Lennep,1974,0.0
José Dolhem,1974,0.0
Carlos Pace,1974,11.0
François Migault,1974,0.0
Hans-Joachim Stuck,1974,5.0
Ronnie Peterson,1974,35.0
Emerson Fittipaldi,1974,55.0
Jean-Pierre Beltoise,1974,10.0
Clay Regazzoni,1974,52.0
Gérard Larrousse,1974,0.0
Larry Perkins,1974,0.0
Rolf Stommelen,1974,0.0
Howden Ganley,1974,0.0
Niki Lauda,1974,38.0
Dave Charlton,1974,0.0
Leo Kinnunen,1974,0.0
Vern Schuppan,1974,0.0
Jean-Pierre Jabouille,1974,0.0
Peter Gethin,1974,0.0
Ian Ashley,1974,0.0
Tom Belsø,1974,0.0
Paddy Driver,1974,0.0
Vittorio Brambilla,1974,1.0
Chris Amon,1974,0.0
Tom Pryce,1974,1.0
Helmuth Koinigg,1974,0.0
Peter Revson,1974,0.0
Jochen Mass,1974,0.0
James Hunt,1974,15.0
Arturo Merzario,1974,4.0
Guy Edwards,1974,0.0
Eddie Keizan,1974,0.0
Mike Wilds,1974,0.0
Mark Donohue,1974,0.0
Jean-Pierre Jarier,1974,6.0
Jacky Ickx,1974,12.0
Henri Pescarolo,1974,0.0
Mike Hailwood,1974,12.0
Ian Scheckter,1974,0.0
Lella Lombardi,1974,0.0
Derek Bell,1974,0.0
Jody Scheckter,1974,45.0
John Nicholson,1974,0.0
David Purley,1974,0.0
Dieter Quester,1974,0.0
Mario Andretti,1974,0.0
Mike Wilds,1975,0.0
Arturo Merzario,1975,0.0
Jochen Mass,1975,20.0
Mark Donohue,1975,4.0
James Hunt,1975,33.0
Eddie Keizan,1975,0.0
Guy Tunmer,1975,0.0
Michel Leclère,1975,0.0
Jean-Pierre Jarier,1975,1.5
Jacky Ickx,1975,3.0
Lella Lombardi,1975,0.5
Ian Scheckter,1975,0.0
Bob Evans,1975,0.0
Hiroshi Fushida,1975,0.0
Jim Crawford,1975,0.0
Dave Morgan,1975,0.0
Tony Trimmer,1975,0.0
Mario Andretti,1975,5.0
Jody Scheckter,1975,20.0
Tony Brise,1975,1.0
John Nicholson,1975,0.0
Jo Vonlanthen,1975,0.0
Tom Pryce,1975,8.0
Vittorio Brambilla,1975,6.5
Torsten Palm,1975,0.0
Harald Ertl,1975,0.0
Chris Amon,1975,0.0
Wilson Fittipaldi,1975,0.0
Niki Lauda,1975,64.5
Dave Charlton,1975,0.0
Vern Schuppan,1975,0.0
Jean-Pierre Jabouille,1975,0.0
Ian Ashley,1975,0.0
Jacques Laffite,1975,6.0
Graham Hill,1975,0.0
Patrick Depailler,1975,12.0
Carlos Reutemann,1975,37.0
John Watson,1975,0.0
Brett Lunger,1975,0.0
Alan Jones,1975,2.0
Gijs van Lennep,1975,1.0
Brian Henton,1975,0.0
Ronnie Peterson,1975,6.0
Carlos Pace,1975,24.0
Rolf Stommelen,1975,0.0
Clay Regazzoni,1975,25.0
Emerson Fittipaldi,1975,45.0
François Migault,1975,0.0
Roelof Wunderink,1975,0.0
Damien Magee,1975,0.0
Hans-Joachim Stuck,1975,0.0
Renzo Zorzi,1975,0.0
Mario Andretti,1976,22.0
Jody Scheckter,1976,49.0
Divina Galica,1976,0.0
Ian Ashley,1976,0.0
Niki Lauda,1976,68.0
Otto Stuppacher,1976,0.0
James Hunt,1976,69.0
Jochen Mass,1976,19.0
Michel Leclère,1976,0.0
Arturo Merzario,1976,0.0
Guy Edwards,1976,0.0
Mike Wilds,1976,0.0
Alex Ribeiro,1976,0.0
Alan Jones,1976,7.0
Loris Kessel,1976,0.0
Patrick Nève,1976,0.0
Kazuyoshi Hoshino,1976,0.0
Jean-Pierre Jarier,1976,0.0
Lella Lombardi,1976,0.0
Jacky Ickx,1976,0.0
Ian Scheckter,1976,0.0
Bob Evans,1976,0.0
Henri Pescarolo,1976,0.0
Alessandro Pesenti-Rossi,1976,0.0
Conny Andersson,1976,0.0
Boy Lunger,1976,0.0
Tony Trimmer,1976,0.0
Noritake Takahara,1976,0.0
Ronnie Peterson,1976,10.0
Emerson Fittipaldi,1976,3.0
Ingo Hoffmann,1976,0.0
Carlos Pace,1976,7.0
Renzo Zorzi,1976,0.0
Clay Regazzoni,1976,31.0
Hans-Joachim Stuck,1976,8.0
Larry Perkins,1976,0.0
Damien Magee,1976,0.0
Rolf Stommelen,1976,1.0
Vittorio Brambilla,1976,1.0
Tom Pryce,1976,10.0
Harald Ertl,1976,0.0
Chris Amon,1976,2.0
Emilio de Villota,1976,0.0
Emilio Zapico,1976,0.0
Jac Nelleman,1976,0.0
Hans Binder,1976,0.0
Warwick Brown,1976,0.0
Masahiro Hasemi,1976,0.0
John Watson,1976,20.0
Jacques Laffite,1976,20.0
Carlos Reutemann,1976,3.0
Patrick Depailler,1976,39.0
Gunnar Nilsson,1976,11.0
Brett Lunger,1976,0.0
Alan Jones,1977,22.0
Brian Henton,1977,0.0
Patrick Nève,1977,0.0
Mikko Kozarowitzky,1977,0.0
Teddy Pilette,1977,0.0
Loris Kessel,1977,0.0
Bruno Giacomelli,1977,0.0
Kazuyoshi Hoshino,1977,0.0
Gunnar Nilsson,1977,20.0
Patrick Depailler,1977,20.0
Jacques Laffite,1977,18.0
John Watson,1977,9.0
Carlos Reutemann,1977,42.0
Brett Lunger,1977,0.0
Hector Rebaque,1977,0.0
Bernard de Dryver,1977,0.0
Jackie Oliver,1977,0.0
Gilles Villeneuve,1977,0.0
Hans Heyer,1977,0.0
Hans Binder,1977,0.0
Tom Pryce,1977,0.0
Vittorio Brambilla,1977,6.0
Harald Ertl,1977,0.0
Emilio de Villota,1977,0.0
Riccardo Patrese,1977,1.0
Brian McGuire,1977,0.0
Andy Sutcliffe,1977,0.0
Danny Ongais,1977,0.0
Mario Andretti,1977,47.0
Jody Scheckter,1977,55.0
David Purley,1977,0.0
Patrick Tambay,1977,5.0
Giorgio Francia,1977,0.0
Renzo Zorzi,1977,1.0
Ingo Hoffmann,1977,0.0
Ronnie Peterson,1977,7.0
Clay Regazzoni,1977,5.0
Emerson Fittipaldi,1977,11.0
Carlos Pace,1977,6.0
Larry Perkins,1977,0.0
Hans-Joachim Stuck,1977,12.0
Michael Bleekemolen,1977,0.0
Ian Scheckter,1977,0.0
Boy Lunger,1977,0.0
Jean-Pierre Jarier,1977,1.0
Conny Andersson,1977,0.0
Jacky Ickx,1977,0.0
Tony Trimmer,1977,0.0
Noritake Takahara,1977,0.0
Jochen Mass,1977,25.0
James Hunt,1977,40.0
Alex Ribeiro,1977,0.0
Arturo Merzario,1977,0.0
Rupert Keegan,1977,0.0
Guy Edwards,1977,0.0
Lamberto Leoni,1977,0.0
Niki Lauda,1977,72.0
Jean-Pierre Jabouille,1977,0.0
Vern Schuppan,1977,0.0
Ian Ashley,1977,0.0
Kunimitsu Takahashi,1977,0.0
Eddie Cheever,1978,0.0
Hans-Joachim Stuck,1978,2.0
Clay Regazzoni,1978,4.0
Emerson Fittipaldi,1978,17.0
Ronnie Peterson,1978,51.0
René Arnoux,1978,0.0
Rolf Stommelen,1978,0.0
Michael Bleekemolen,1978,0.0
Danny Ongais,1978,0.0
Vittorio Brambilla,1978,1.0
Riccardo Patrese,1978,11.0
Emilio de Villota,1978,0.0
Harald Ertl,1978,0.0
Hans Binder,1978,0.0
Bobby Rahal,1978,0.0
Hector Rebaque,1978,1.0
John Watson,1978,25.0
Jacques Laffite,1978,19.0
Brett Lunger,1978,0.0
Gilles Villeneuve,1978,17.0
Carlos Reutemann,1978,48.0
Patrick Depailler,1978,34.0
Derek Daly,1978,1.0
Alberto Colombo,1978,0.0
Jean-Pierre Jarier,1978,0.0
Jacky Ickx,1978,0.0
Tony Trimmer,1978,0.0
Carlo Franchi,1978,0.0
Alan Jones,1978,11.0
Didier Pironi,1978,7.0
Keke Rosberg,1978,0.0
Bruno Giacomelli,1978,0.0
Divina Galica,1978,0.0
Jody Scheckter,1978,24.0
Patrick Tambay,1978,8.0
Mario Andretti,1978,64.0
Beppe Gabbiani,1978,0.0
Niki Lauda,1978,44.0
Jean-Pierre Jabouille,1978,3.0
Geoff Lees,1978,0.0
Nelson Piquet,1978,0.0
Rupert Keegan,1978,0.0
Arturo Merzario,1978,0.0
Lamberto Leoni,1978,0.0
Jochen Mass,1978,0.0
James Hunt,1978,8.0
Hans-Joachim Stuck,1979,2.0
René Arnoux,1979,17.0
Clay Regazzoni,1979,29.0
Emerson Fittipaldi,1979,1.0
Riccardo Patrese,1979,2.0
Patrick Gaillard,1979,0.0
Vittorio Brambilla,1979,0.0
Hector Rebaque,1979,0.0
Gilles Villeneuve,1979,47.0
Derek Daly,1979,0.0
Patrick Depailler,1979,20.0
John Watson,1979,15.0
Carlos Reutemann,1979,20.0
Jacques Laffite,1979,36.0
Jean-Pierre Jarier,1979,14.0
Jan Lammers,1979,0.0
Elio de Angelis,1979,3.0
Jacky Ickx,1979,3.0
Didier Pironi,1979,14.0
Alan Jones,1979,40.0
Bruno Giacomelli,1979,0.0
Keke Rosberg,1979,0.0
Patrick Tambay,1979,0.0
Jody Scheckter,1979,51.0
Mario Andretti,1979,14.0
Gianfranco Brancatelli,1979,0.0
Ricardo Zunino,1979,0.0
Nelson Piquet,1979,3.0
Niki Lauda,1979,4.0
Jean-Pierre Jabouille,1979,9.0
Geoff Lees,1979,0.0
Marc Surer,1979,0.0
Arturo Merzario,1979,0.0
James Hunt,1979,0.0
Jochen Mass,1979,3.0
Alex Ribeiro,1979,0.0
Dave Kennedy,1980,0.0
Riccardo Patrese,1980,7.0
Harald Ertl,1980,0.0
Mike Thackwell,1980,0.0
Vittorio Brambilla,1980,0.0
Manfred Winkelhock,1980,0.0
Kevin Cogan,1980,0.0
Eddie Cheever,1980,0.0
René Arnoux,1980,29.0
Emerson Fittipaldi,1980,5.0
Clay Regazzoni,1980,0.0
Stephen South,1980,0.0
Tiff Needell,1980,0.0
Didier Pironi,1980,32.0
Bruno Giacomelli,1980,4.0
Keke Rosberg,1980,6.0
Alan Jones,1980,67.0
Andrea de Cesaris,1980,0.0
Jochen Mass,1980,4.0
Rupert Keegan,1980,0.0
John Watson,1980,6.0
Carlos Reutemann,1980,42.0
Jacques Laffite,1980,34.0
Gilles Villeneuve,1980,6.0
Patrick Depailler,1980,0.0
Alain Prost,1980,5.0
Derek Daly,1980,6.0
Hector Rebaque,1980,1.0
Nigel Mansell,1980,0.0
Jean-Pierre Jabouille,1980,9.0
Marc Surer,1980,0.0
Nelson Piquet,1980,54.0
Geoff Lees,1980,0.0
Mario Andretti,1980,1.0
Jody Scheckter,1980,2.0
Ricardo Zunino,1980,0.0
Desiré Wilson,1980,0.0
Jan Lammers,1980,0.0
Stefan Johansson,1980,0.0
Jean-Pierre Jarier,1980,6.0
Elio de Angelis,1980,13.0
Patrick Tambay,1981,1.0
Mario Andretti,1981,3.0
Beppe Gabbiani,1981,0.0
Ricardo Zunino,1981,0.0
Giorgio Francia,1981,0.0
Nelson Piquet,1981,50.0
Marc Surer,1981,4.0
Siegfried Stohr,1981,0.0
Jean-Pierre Jabouille,1981,0.0
Derek Warwick,1981,0.0
Jacques Villeneuve Sr.,1981,0.0
Alan Jones,1981,46.0
Didier Pironi,1981,9.0
Bruno Giacomelli,1981,7.0
Keke Rosberg,1981,0.0
Andrea de Cesaris,1981,1.0
Eliseo Salazar,1981,1.0
Brian Henton,1981,0.0
Chico Serra,1981,0.0
Jean-Pierre Jarier,1981,0.0
Jan Lammers,1981,0.0
Elio de Angelis,1981,14.0
Ricardo Londoño,1981,0.0
Eddie Cheever,1981,10.0
René Arnoux,1981,11.0
Slim Borgudd,1981,1.0
Michele Alboreto,1981,0.0
Piercarlo Ghinzani,1981,0.0
Riccardo Patrese,1981,10.0
Kevin Cogan,1981,0.0
Carlos Reutemann,1981,49.0
Hector Rebaque,1981,11.0
Jacques Laffite,1981,44.0
Nigel Mansell,1981,8.0
Gilles Villeneuve,1981,25.0
John Watson,1981,27.0
Alain Prost,1981,43.0
Derek Daly,1981,0.0
Miguel Ángel Guerra,1981,0.0
Mauro Baldi,1982,2.0
Mario Andretti,1982,4.0
Patrick Tambay,1982,25.0
Niki Lauda,1982,30.0
Nelson Piquet,1982,20.0
Riccardo Paletti,1982,0.0
Marc Surer,1982,3.0
Geoff Lees,1982,0.0
Roberto Moreno,1982,0.0
Jochen Mass,1982,0.0
Derek Warwick,1982,0.0
Rupert Keegan,1982,0.0
Keke Rosberg,1982,44.0
Eliseo Salazar,1982,2.0
Bruno Giacomelli,1982,2.0
Andrea de Cesaris,1982,5.0
Didier Pironi,1982,39.0
Brian Henton,1982,0.0
Elio de Angelis,1982,23.0
Chico Serra,1982,1.0
Jean-Pierre Jarier,1982,3.0
Jan Lammers,1982,0.0
René Arnoux,1982,28.0
Michele Alboreto,1982,25.0
Slim Borgudd,1982,0.0
Eddie Cheever,1982,15.0
Roberto Guerrero,1982,0.0
Manfred Winkelhock,1982,2.0
Riccardo Patrese,1982,21.0
Emilio de Villota,1982,0.0
Alain Prost,1982,34.0
Carlos Reutemann,1982,6.0
John Watson,1982,39.0
Derek Daly,1982,8.0
Raul Boesel,1982,0.0
Jacques Laffite,1982,5.0
Gilles Villeneuve,1982,6.0
Nigel Mansell,1982,7.0
Teo Fabi,1982,0.0
Tommy Byrne,1982,0.0
Jacques Laffite,1983,11.0
Alain Prost,1983,57.0
René Arnoux,1983,49.0
Roberto Guerrero,1983,0.0
Eddie Cheever,1983,22.0
Michele Alboreto,1983,10.0
Piercarlo Ghinzani,1983,0.0
Nigel Mansell,1983,10.0
John Watson,1983,22.0
Raul Boesel,1983,0.0
Corrado Fabi,1983,0.0
Eliseo Salazar,1983,0.0
Bruno Giacomelli,1983,1.0
Andrea de Cesaris,1983,15.0
Alan Jones,1983,0.0
Keke Rosberg,1983,27.0
Jonathan Palmer,1983,0.0
Nelson Piquet,1983,59.0
Niki Lauda,1983,12.0
Marc Surer,1983,4.0
Danny Sullivan,1983,2.0
Thierry Boutsen,1983,0.0
Kenny Acheson,1983,0.0
Manfred Winkelhock,1983,0.0
Riccardo Patrese,1983,13.0
Derek Warwick,1983,9.0
Jacques Villeneuve Sr.,1983,0.0
Chico Serra,1983,0.0
Johnny Cecotto,1983,1.0
Jean-Pierre Jarier,1983,0.0
Elio de Angelis,1983,2.0
Stefan Johansson,1983,0.0
Patrick Tambay,1983,40.0
Mauro Baldi,1983,3.0
Jean-Louis Schlesser,1983,0.0
Eddie Cheever,1984,3.0
Jonathan Palmer,1984,0.0
René Arnoux,1984,27.0
Piercarlo Ghinzani,1984,2.0
Michele Alboreto,1984,30.5
Martin Brundle,1984,0.0
Gerhard Berger,1984,0.0
Pierluigi Martini,1984,0.0
Riccardo Patrese,1984,8.0
Manfred Winkelhock,1984,0.0
Jo Gartner,1984,0.0
Huub Rothengatter,1984,0.0
Mike Thackwell,1984,0.0
Alain Prost,1984,71.5
Nigel Mansell,1984,13.0
Teo Fabi,1984,9.0
Jacques Laffite,1984,5.0
Corrado Fabi,1984,0.0
Elio de Angelis,1984,34.0
Johnny Cecotto,1984,0.0
Stefan Johansson,1984,3.0
Keke Rosberg,1984,20.5
Andrea de Cesaris,1984,3.0
Ayrton Senna,1984,13.0
Patrick Tambay,1984,11.0
François Hesnault,1984,0.0
Philippe Alliot,1984,0.0
Mauro Baldi,1984,0.0
Thierry Boutsen,1984,5.0
Marc Surer,1984,1.0
Niki Lauda,1984,72.0
Nelson Piquet,1984,29.0
Derek Warwick,1984,23.0
Stefan Bellof,1984,0.0
Philippe Streiff,1984,0.0
Manfred Winkelhock,1985,0.0
Riccardo Patrese,1985,0.0
Huub Rothengatter,1985,0.0
Christian Danner,1985,0.0
Michele Alboreto,1985,53.0
René Arnoux,1985,3.0
Martin Brundle,1985,0.0
Piercarlo Ghinzani,1985,0.0
Gerhard Berger,1985,3.0
Eddie Cheever,1985,0.0
Pierluigi Martini,1985,0.0
Jonathan Palmer,1985,0.0
Ayrton Senna,1985,38.0
Andrea de Cesaris,1985,3.0
Keke Rosberg,1985,40.0
Alan Jones,1985,0.0
Derek Warwick,1985,5.0
Stefan Bellof,1985,4.0
Philippe Streiff,1985,4.0
Ivan Capelli,1985,3.0
Alain Prost,1985,73.0
Jacques Laffite,1985,16.0
Nigel Mansell,1985,31.0
Teo Fabi,1985,0.0
John Watson,1985,0.0
Thierry Boutsen,1985,11.0
Niki Lauda,1985,14.0
Nelson Piquet,1985,21.0
Marc Surer,1985,5.0
Kenny Acheson,1985,0.0
Patrick Tambay,1985,11.0
Philippe Alliot,1985,0.0
François Hesnault,1985,0.0
Mauro Baldi,1985,0.0
Elio de Angelis,1985,33.0
Stefan Johansson,1985,26.0
Elio de Angelis,1986,0.0
Johnny Dumfries,1986,3.0
Stefan Johansson,1986,23.0
Philippe Streiff,1986,3.0
Derek Warwick,1986,0.0
Ivan Capelli,1986,0.0
Nelson Piquet,1986,69.0
Thierry Boutsen,1986,0.0
Marc Surer,1986,0.0
Alessandro Nannini,1986,0.0
René Arnoux,1986,14.0
Martin Brundle,1986,8.0
Gerhard Berger,1986,17.0
Michele Alboreto,1986,14.0
Jonathan Palmer,1986,0.0
Piercarlo Ghinzani,1986,0.0
Eddie Cheever,1986,0.0
Patrick Tambay,1986,2.0
Philippe Alliot,1986,1.0
Alex Caffi,1986,0.0
Ayrton Senna,1986,55.0
Andrea de Cesaris,1986,0.0
Keke Rosberg,1986,22.0
Alan Jones,1986,4.0
Jacques Laffite,1986,14.0
Teo Fabi,1986,2.0
Alain Prost,1986,72.0
Nigel Mansell,1986,70.0
Christian Danner,1986,1.0
Riccardo Patrese,1986,2.0
Huub Rothengatter,1986,0.0
Allen Berg,1986,0.0
Christian Danner,1987,0.0
Riccardo Patrese,1987,6.0
Gerhard Berger,1987,36.0
Satoru Nakajima,1987,7.0
Michele Alboreto,1987,17.0
Jonathan Palmer,1987,7.0
Eddie Cheever,1987,8.0
Martin Brundle,1987,2.0
Piercarlo Ghinzani,1987,0.0
René Arnoux,1987,1.0
Nicola Larini,1987,0.0
Ayrton Senna,1987,57.0
Andrea de Cesaris,1987,4.0
Adrián Campos,1987,0.0
Franco Forini,1987,0.0
Philippe Streiff,1987,4.0
Derek Warwick,1987,3.0
Ivan Capelli,1987,1.0
Yannick Dalmas,1987,0.0
Stefano Modena,1987,0.0
Alain Prost,1987,46.0
Nigel Mansell,1987,61.0
Teo Fabi,1987,12.0
Gabriele Tarquini,1987,0.0
Nelson Piquet,1987,73.0
Thierry Boutsen,1987,16.0
Alessandro Nannini,1987,0.0
Roberto Moreno,1987,1.0
Alex Caffi,1987,0.0
Philippe Alliot,1987,3.0
Stefan Johansson,1987,30.0
Pascal Fabre,1987,0.0
Stefan Johansson,1988,0.0
Pierre-Henri Raphanel,1988,0.0
Derek Warwick,1988,17.0
Luis Pérez-Sala,1988,0.0
Philippe Streiff,1988,0.0
Yannick Dalmas,1988,0.0
Stefano Modena,1988,0.0
Ivan Capelli,1988,17.0
Julian Bailey,1988,0.0
Nelson Piquet,1988,22.0
Thierry Boutsen,1988,27.0
Alessandro Nannini,1988,12.0
Aguri Suzuki,1988,0.0
Gerhard Berger,1988,41.0
Michele Alboreto,1988,24.0
Satoru Nakajima,1988,1.0
Eddie Cheever,1988,6.0
Jonathan Palmer,1988,5.0
René Arnoux,1988,0.0
Piercarlo Ghinzani,1988,0.0
Nicola Larini,1988,0.0
Pierluigi Martini,1988,1.0
Martin Brundle,1988,0.0
Philippe Alliot,1988,0.0
Oscar Larrauri,1988,0.0
Alex Caffi,1988,0.0
Jean-Louis Schlesser,1988,0.0
Andrea de Cesaris,1988,3.0
Adrián Campos,1988,0.0
Maurício Gugelmin,1988,5.0
Ayrton Senna,1988,90.0
Alain Prost,1988,87.0
Gabriele Tarquini,1988,0.0
Nigel Mansell,1988,12.0
Bernd Schneider,1988,0.0
Riccardo Patrese,1988,8.0
Jonathan Palmer,1989,2.0
Satoru Nakajima,1989,3.0
Michele Alboreto,1989,6.0
Eddie Cheever,1989,6.0
Martin Brundle,1989,4.0
Pierluigi Martini,1989,5.0
Gerhard Berger,1989,21.0
René Arnoux,1989,2.0
Piercarlo Ghinzani,1989,0.0
Nicola Larini,1989,0.0
Christian Danner,1989,3.0
Riccardo Patrese,1989,40.0
Joachim Winkelhock,1989,0.0
Nigel Mansell,1989,38.0
Alain Prost,1989,76.0
Olivier Grouillard,1989,1.0
Bernd Schneider,1989,0.0
Volker Weidler,1989,0.0
Gabriele Tarquini,1989,1.0
Paolo Barilla,1989,0.0
Pierre-Henri Raphanel,1989,0.0
Stefan Johansson,1989,6.0
Maurício Gugelmin,1989,4.0
Ayrton Senna,1989,60.0
Andrea de Cesaris,1989,4.0
Philippe Alliot,1989,1.0
Alex Caffi,1989,4.0
Jean Alesi,1989,8.0
Emanuele Pirro,1989,2.0
Oscar Larrauri,1989,0.0
Jyrki Järvilehto,1989,0.0
Johnny Herbert,1989,5.0
Alessandro Nannini,1989,32.0
Nelson Piquet,1989,12.0
Thierry Boutsen,1989,37.0
Roberto Moreno,1989,0.0
Aguri Suzuki,1989,0.0
Bertrand Gachot,1989,0.0
Éric Bernard,1989,0.0
Enrico Bertaggia,1989,0.0
Derek Warwick,1989,7.0
Ivan Capelli,1989,0.0
Stefano Modena,1989,4.0
Luis Pérez-Sala,1989,1.0
Yannick Dalmas,1989,0.0
Gregor Foitek,1989,0.0
Martin Donnelly,1989,0.0
Alain Prost,1990,71.0
Olivier Grouillard,1990,0.0
Gabriele Tarquini,1990,0.0
Paolo Barilla,1990,0.0
Nigel Mansell,1990,37.0
Bernd Schneider,1990,0.0
Bruno Giacomelli,1990,0.0
Ayrton Senna,1990,78.0
Claudio Langes,1990,0.0
Maurício Gugelmin,1990,1.0
Andrea de Cesaris,1990,0.0
Michele Alboreto,1990,0.0
Pierluigi Martini,1990,0.0
Gerhard Berger,1990,43.0
Nicola Larini,1990,0.0
Satoru Nakajima,1990,3.0
Gianni Morbidelli,1990,0.0
Éric Bernard,1990,5.0
David Brabham,1990,0.0
Bertrand Gachot,1990,0.0
Roberto Moreno,1990,6.0
Aguri Suzuki,1990,6.0
Thierry Boutsen,1990,34.0
Alessandro Nannini,1990,21.0
Johnny Herbert,1990,0.0
Nelson Piquet,1990,43.0
Riccardo Patrese,1990,23.0
Stefano Modena,1990,2.0
Yannick Dalmas,1990,0.0
Martin Donnelly,1990,0.0
Gregor Foitek,1990,0.0
Ivan Capelli,1990,6.0
Derek Warwick,1990,3.0
Stefan Johansson,1990,0.0
Alex Caffi,1990,2.0
Philippe Alliot,1990,0.0
Emanuele Pirro,1990,0.0
Gary Brabham,1990,0.0
Jyrki Järvilehto,1990,0.0
Jean Alesi,1990,13.0
Stefan Johansson,1991,0.0
Julian Bailey,1991,1.0
Fabrizio Barbazza,1991,0.0
Ivan Capelli,1991,1.0
Stefano Modena,1991,10.0
Pedro Chaves,1991,0.0
Éric Bernard,1991,1.0
Gianni Morbidelli,1991,0.5
Thierry Boutsen,1991,0.0
Roberto Moreno,1991,8.0
Bertrand Gachot,1991,4.0
Johnny Herbert,1991,0.0
Alessandro Zanardi,1991,0.0
Aguri Suzuki,1991,1.0
Nelson Piquet,1991,26.5
Eric van de Poele,1991,0.0
Gerhard Berger,1991,43.0
Michele Alboreto,1991,0.0
Martin Brundle,1991,2.0
Pierluigi Martini,1991,6.0
Nicola Larini,1991,0.0
Satoru Nakajima,1991,2.0
Érik Comas,1991,0.0
Alex Caffi,1991,0.0
Jyrki Järvilehto,1991,4.0
Emanuele Pirro,1991,1.0
Mika Häkkinen,1991,2.0
Jean Alesi,1991,21.0
Michael Bartels,1991,0.0
Andrea de Cesaris,1991,9.0
Maurício Gugelmin,1991,0.0
Michael Schumacher,1991,4.0
Karl Wendlinger,1991,0.0
Ayrton Senna,1991,96.0
Olivier Grouillard,1991,0.0
Nigel Mansell,1991,72.0
Gabriele Tarquini,1991,0.0
Naoki Hattori,1991,0.0
Alain Prost,1991,34.0
Mark Blundell,1991,1.0
Riccardo Patrese,1991,53.0
Aguri Suzuki,1992,0.0
Nigel Mansell,1992,108.0
Olivier Grouillard,1992,0.0
Gabriele Tarquini,1992,0.0
Ivan Capelli,1992,3.0
Christian Fittipaldi,1992,1.0
Stefano Modena,1992,1.0
Riccardo Patrese,1992,56.0
Eric van de Poele,1992,0.0
Michele Alboreto,1992,6.0
Gerhard Berger,1992,49.0
Pierluigi Martini,1992,2.0
Martin Brundle,1992,38.0
Damon Hill,1992,0.0
Nicola Larini,1992,0.0
Johnny Herbert,1992,2.0
Thierry Boutsen,1992,2.0
Bertrand Gachot,1992,1.0
Gianni Morbidelli,1992,0.0
Emanuele Naspetti,1992,0.0
Mika Häkkinen,1992,11.0
Érik Comas,1992,4.0
Jyrki Järvilehto,1992,0.0
Jean Alesi,1992,18.0
Paul Belmondo,1992,0.0
Ukyo Katayama,1992,0.0
Jan Lammers,1992,0.0
Maurício Gugelmin,1992,0.0
Michael Schumacher,1992,53.0
Ayrton Senna,1992,50.0
Andrea de Cesaris,1992,8.0
Karl Wendlinger,1992,3.0
Alain Prost,1993,99.0
Michael Andretti,1993,7.0
Pedro Lamy,1993,0.0
Ayrton Senna,1993,73.0
Michael Schumacher,1993,52.0
Karl Wendlinger,1993,7.0
Andrea de Cesaris,1993,0.0
Gerhard Berger,1993,12.0
Michele Alboreto,1993,0.0
Damon Hill,1993,69.0
Martin Brundle,1993,13.0
Pierluigi Martini,1993,0.0
Luca Badoer,1993,0.0
Alessandro Zanardi,1993,1.0
Johnny Herbert,1993,11.0
Aguri Suzuki,1993,0.0
Thierry Boutsen,1993,0.0
Mark Blundell,1993,10.0
Riccardo Patrese,1993,20.0
Toshio Suzuki,1993,0.0
Derek Warwick,1993,4.0
Christian Fittipaldi,1993,5.0
Fabrizio Barbazza,1993,2.0
Rubens Barrichello,1993,2.0
Ukyo Katayama,1993,0.0
Eddie Irvine,1993,1.0
Jyrki Järvilehto,1993,5.0
Érik Comas,1993,1.0
Jean Alesi,1993,16.0
Philippe Alliot,1993,2.0
Mika Häkkinen,1993,4.0
Heinz-Harald Frentzen,1994,7.0
Mark Blundell,1994,8.0
Roland Ratzenberger,1994,0.0
Pierluigi Martini,1994,4.0
Damon Hill,1994,91.0
Martin Brundle,1994,16.0
Olivier Beretta,1994,0.0
Gerhard Berger,1994,41.0
Michele Alboreto,1994,1.0
Nicola Larini,1994,6.0
Jean-Denis Délétraz,1994,0.0
Karl Wendlinger,1994,4.0
Michael Schumacher,1994,92.0
Ayrton Senna,1994,0.0
Andrea de Cesaris,1994,4.0
Domenico Schiattarella,1994,0.0
Taki Inoue,1994,0.0
Jos Verstappen,1994,10.0
Christian Fittipaldi,1994,6.0
Jean-Marc Gounon,1994,0.0
Yannick Dalmas,1994,0.0
Philippe Adams,1994,0.0
Pedro Lamy,1994,0.0
Nigel Mansell,1994,13.0
Hideki Noda,1994,0.0
David Brabham,1994,0.0
Johnny Herbert,1994,0.0
Éric Bernard,1994,4.0
Gianni Morbidelli,1994,3.0
Bertrand Gachot,1994,0.0
Aguri Suzuki,1994,0.0
Alessandro Zanardi,1994,0.0
Andrea Montermini,1994,0.0
Franck Lagorce,1994,0.0
Olivier Panis,1994,9.0
Érik Comas,1994,2.0
Jean Alesi,1994,24.0
Mika Häkkinen,1994,26.0
Paul Belmondo,1994,0.0
Jyrki Järvilehto,1994,1.0
David Coulthard,1994,14.0
Philippe Alliot,1994,0.0
Ukyo Katayama,1994,5.0
Rubens Barrichello,1994,19.0
Eddie Irvine,1994,6.0
Mika Salo,1994,0.0
Nigel Mansell,1995,0.0
Pedro Lamy,1995,1.0
Gabriele Tarquini,1995,0.0
Pedro Diniz,1995,0.0
Michael Schumacher,1995,102.0
Domenico Schiattarella,1995,0.0
Karl Wendlinger,1995,0.0
Taki Inoue,1995,0.0
Gerhard Berger,1995,31.0
Damon Hill,1995,69.0
Pierluigi Martini,1995,0.0
Martin Brundle,1995,7.0
Jean-Denis Délétraz,1995,0.0
Jan Magnussen,1995,0.0
Andrea Montermini,1995,0.0
Aguri Suzuki,1995,1.0
Johnny Herbert,1995,45.0
Luca Badoer,1995,0.0
Gianni Morbidelli,1995,5.0
Roberto Moreno,1995,0.0
Bertrand Gachot,1995,0.0
Mark Blundell,1995,13.0
Heinz-Harald Frentzen,1995,15.0
Jos Verstappen,1995,0.0
Mika Salo,1995,5.0
Ukyo Katayama,1995,0.0
Eddie Irvine,1995,10.0
Rubens Barrichello,1995,11.0
Massimiliano Papis,1995,0.0
Jean Alesi,1995,42.0
Mika Häkkinen,1995,17.0
David Coulthard,1995,49.0
Olivier Panis,1995,16.0
Jean-Christophe Boullion,1995,3.0
Pedro Diniz,1996,2.0
Michael Schumacher,1996,59.0
Pedro Lamy,1996,0.0
Heinz-Harald Frentzen,1996,7.0
Ricardo Rosset,1996,0.0
Jacques Villeneuve,1996,78.0
Mika Häkkinen,1996,31.0
Olivier Panis,1996,13.0
Jean Alesi,1996,47.0
David Coulthard,1996,18.0
Damon Hill,1996,97.0
Gerhard Berger,1996,21.0
Martin Brundle,1996,8.0
Eddie Irvine,1996,11.0
Mika Salo,1996,5.0
Ukyo Katayama,1996,0.0
Rubens Barrichello,1996,14.0
Giancarlo Fisichella,1996,0.0
Jos Verstappen,1996,1.0
Giovanni Lavaggi,1996,0.0
Luca Badoer,1996,0.0
Johnny Herbert,1996,4.0
Andrea Montermini,1996,0.0
Nicola Larini,1997,1.0
Gerhard Berger,1997,27.0
Damon Hill,1997,7.0
Jan Magnussen,1997,0.0
Ralf Schumacher,1997,13.0
Norberto Fontana,1997,0.0
Heinz-Harald Frentzen,1997,42.0
Shinji Nakano,1997,2.0
Ukyo Katayama,1997,0.0
Eddie Irvine,1997,24.0
Mika Salo,1997,2.0
Giancarlo Fisichella,1997,20.0
Rubens Barrichello,1997,6.0
Pedro Diniz,1997,2.0
Michael Schumacher,1997,78.0
Tarso Marques,1997,0.0
Alexander Wurz,1997,4.0
Jarno Trulli,1997,3.0
Olivier Panis,1997,16.0
Mika Häkkinen,1997,27.0
David Coulthard,1997,36.0
Jean Alesi,1997,36.0
Jacques Villeneuve,1997,81.0
Johnny Herbert,1997,15.0
Gianni Morbidelli,1997,0.0
Jos Verstappen,1997,0.0
Alexander Wurz,1998,17.0
Michael Schumacher,1998,86.0
Pedro Diniz,1998,3.0
Heinz-Harald Frentzen,1998,17.0
Shinji Nakano,1998,0.0
Ricardo Rosset,1998,0.0
Mika Häkkinen,1998,100.0
David Coulthard,1998,56.0
Jacques Villeneuve,1998,21.0
Olivier Panis,1998,0.0
Jean Alesi,1998,9.0
Jarno Trulli,1998,1.0
Damon Hill,1998,20.0
Jan Magnussen,1998,1.0
Ralf Schumacher,1998,14.0
Eddie Irvine,1998,47.0
Giancarlo Fisichella,1998,16.0
Rubens Barrichello,1998,4.0
Mika Salo,1998,3.0
Esteban Tuero,1998,0.0
Jos Verstappen,1998,0.0
Johnny Herbert,1998,1.0
Toranosuke Takagi,1998,0.0
Ralf Schumacher,1999,35.0
Damon Hill,1999,7.0
Heinz-Harald Frentzen,1999,54.0
Marc Gené,1999,1.0
Rubens Barrichello,1999,21.0
Giancarlo Fisichella,1999,13.0
Eddie Irvine,1999,74.0
Mika Salo,1999,10.0
Ricardo Zonta,1999,0.0
Toranosuke Takagi,1999,0.0
Alessandro Zanardi,1999,0.0
Johnny Herbert,1999,15.0
Michael Schumacher,1999,44.0
Pedro de la Rosa,1999,1.0
Alexander Wurz,1999,3.0
Pedro Diniz,1999,3.0
Olivier Panis,1999,2.0
Mika Häkkinen,1999,76.0
Jean Alesi,1999,2.0
David Coulthard,1999,48.0
Jarno Trulli,1999,7.0
Jacques Villeneuve,1999,0.0
Luca Badoer,1999,0.0
Johnny Herbert,2000,0.0
Luciano Burti,2000,0.0
Jacques Villeneuve,2000,17.0
Jarno Trulli,2000,6.0
Mika Häkkinen,2000,89.0
David Coulthard,2000,73.0
Jean Alesi,2000,0.0
Rubens Barrichello,2000,62.0
Giancarlo Fisichella,2000,18.0
Ricardo Zonta,2000,3.0
Nick Heidfeld,2000,0.0
Mika Salo,2000,6.0
Eddie Irvine,2000,4.0
Jenson Button,2000,12.0
Jos Verstappen,2000,5.0
Gastón Mazzacane,2000,0.0
Marc Gené,2000,0.0
Heinz-Harald Frentzen,2000,11.0
Ralf Schumacher,2000,24.0
Michael Schumacher,2000,108.0
Alexander Wurz,2000,2.0
Pedro de la Rosa,2000,2.0
Pedro Diniz,2000,0.0
Jenson Button,2001,2.0
Michael Schumacher,2001,123.0
Tarso Marques,2001,0.0
Pedro de la Rosa,2001,3.0
Ralf Schumacher,2001,49.0
Luciano Burti,2001,0.0
Fernando Alonso,2001,0.0
Heinz-Harald Frentzen,2001,6.0
Enrique Bernoldi,2001,0.0
Tomáš Enge,2001,0.0
Jos Verstappen,2001,1.0
Gastón Mazzacane,2001,0.0
Giancarlo Fisichella,2001,8.0
Eddie Irvine,2001,6.0
Kimi Räikkönen,2001,9.0
Nick Heidfeld,2001,12.0
Rubens Barrichello,2001,56.0
Juan Pablo Montoya,2001,31.0
Ricardo Zonta,2001,0.0
Alex Yoong,2001,0.0
Jean Alesi,2001,5.0
Olivier Panis,2001,5.0
David Coulthard,2001,65.0
Jarno Trulli,2001,12.0
Mika Häkkinen,2001,37.0
Jacques Villeneuve,2001,12.0
Jacques Villeneuve,2002,4.0
Allan McNish,2002,0.0
David Coulthard,2002,41.0
Jarno Trulli,2002,9.0
Olivier Panis,2002,3.0
Felipe Massa,2002,4.0
Pedro de la Rosa,2002,0.0
Michael Schumacher,2002,144.0
Alex Yoong,2002,0.0
Mika Salo,2002,2.0
Mark Webber,2002,2.0
Eddie Irvine,2002,8.0
Kimi Räikkönen,2002,24.0
Juan Pablo Montoya,2002,50.0
Giancarlo Fisichella,2002,7.0
Takuma Sato,2002,2.0
Nick Heidfeld,2002,7.0
Rubens Barrichello,2002,77.0
Ralf Schumacher,2002,42.0
Heinz-Harald Frentzen,2002,2.0
Enrique Bernoldi,2002,0.0
Jenson Button,2002,14.0
Jenson Button,2003,17.0
Michael Schumacher,2003,93.0
Ralf Schumacher,2003,58.0
Fernando Alonso,2003,55.0
Heinz-Harald Frentzen,2003,13.0
Cristiano da Matta,2003,10.0
Marc Gené,2003,4.0
Jos Verstappen,2003,0.0
Nicolas Kiesa,2003,0.0
Zsolt Baumgartner,2003,0.0
Kimi Räikkönen,2003,91.0
Juan Pablo Montoya,2003,82.0
Nick Heidfeld,2003,6.0
Rubens Barrichello,2003,65.0
Mark Webber,2003,17.0
Giancarlo Fisichella,2003,12.0
Justin Wilson,2003,1.0
Takuma Sato,2003,3.0
Jacques Villeneuve,2003,6.0
Jarno Trulli,2003,33.0
David Coulthard,2003,51.0
Ralph Firman,2003,1.0
Antônio Pizzonia,2003,0.0
Olivier Panis,2003,6.0
Cristiano da Matta,2004,3.0
Fernando Alonso,2004,59.0
Marc Gené,2004,0.0
Ralf Schumacher,2004,24.0
Michael Schumacher,2004,148.0
Zsolt Baumgartner,2004,1.0
Felipe Massa,2004,12.0
Jenson Button,2004,85.0
Giorgio Pantano,2004,0.0
Gianmaria Bruni,2004,0.0
Olivier Panis,2004,6.0
David Coulthard,2004,24.0
Jarno Trulli,2004,46.0
Antônio Pizzonia,2004,6.0
Jacques Villeneuve,2004,0.0
Christian Klien,2004,3.0
Giancarlo Fisichella,2004,22.0
Takuma Sato,2004,34.0
Juan Pablo Montoya,2004,58.0
Rubens Barrichello,2004,114.0
Nick Heidfeld,2004,3.0
Mark Webber,2004,7.0
Kimi Räikkönen,2004,45.0
Timo Glock,2004,2.0
Ricardo Zonta,2004,0.0
Jacques Villeneuve,2005,9.0
Jarno Trulli,2005,43.0
David Coulthard,2005,24.0
Antônio Pizzonia,2005,2.0
Anthony Davidson,2005,0.0
Narain Karthikeyan,2005,5.0
Felipe Massa,2005,11.0
Michael Schumacher,2005,62.0
Christijan Albers,2005,4.0
Alexander Wurz,2005,6.0
Pedro de la Rosa,2005,4.0
Takuma Sato,2005,1.0
Kimi Räikkönen,2005,112.0
Christian Klien,2005,9.0
Juan Pablo Montoya,2005,60.0
Mark Webber,2005,36.0
Rubens Barrichello,2005,38.0
Giancarlo Fisichella,2005,58.0
Nick Heidfeld,2005,28.0
Vitantonio Liuzzi,2005,1.0
Ricardo Zonta,2005,0.0
Robert Doornbos,2005,0.0
Ralf Schumacher,2005,45.0
Fernando Alonso,2005,133.0
Patrick Friesacher,2005,3.0
Tiago Monteiro,2005,7.0
Jenson Button,2005,37.0
Jenson Button,2006,56.0
Yuji Ide,2006,0.0
Sakon Yamamoto,2006,0.0
Michael Schumacher,2006,121.0
Christijan Albers,2006,0.0
Pedro de la Rosa,2006,19.0
Robert Kubica,2006,6.0
Ralf Schumacher,2006,20.0
Tiago Monteiro,2006,0.0
Fernando Alonso,2006,134.0
Felipe Massa,2006,80.0
Takuma Sato,2006,0.0
Rubens Barrichello,2006,30.0
Nick Heidfeld,2006,23.0
Vitantonio Liuzzi,2006,1.0
Christian Klien,2006,2.0
Mark Webber,2006,7.0
Juan Pablo Montoya,2006,26.0
Kimi Räikkönen,2006,65.0
Giancarlo Fisichella,2006,72.0
Franck Montagny,2006,0.0
Robert Doornbos,2006,0.0
Jarno Trulli,2006,15.0
Scott Speed,2006,0.0
David Coulthard,2006,14.0
Nico Rosberg,2006,4.0
Jacques Villeneuve,2006,7.0
Adrian Sutil,2007,1.0
Robert Kubica,2007,39.0
Alexander Wurz,2007,13.0
Christijan Albers,2007,0.0
Jenson Button,2007,6.0
Sakon Yamamoto,2007,0.0
Heikki Kovalainen,2007,30.0
Fernando Alonso,2007,109.0
Jarno Trulli,2007,8.0
Nico Rosberg,2007,20.0
Scott Speed,2007,0.0
David Coulthard,2007,14.0
Ralf Schumacher,2007,5.0
Lewis Hamilton,2007,109.0
Vitantonio Liuzzi,2007,3.0
Mark Webber,2007,10.0
Takuma Sato,2007,4.0
Rubens Barrichello,2007,0.0
Giancarlo Fisichella,2007,21.0
Nick Heidfeld,2007,61.0
Kimi Räikkönen,2007,110.0
Sebastian Vettel,2007,6.0
Felipe Massa,2007,94.0
Kazuki Nakajima,2007,0.0
Anthony Davidson,2007,0.0
Nick Heidfeld,2008,60.0
Kimi Räikkönen,2008,75.0
Mark Webber,2008,21.0
Giancarlo Fisichella,2008,0.0
Rubens Barrichello,2008,11.0
Takuma Sato,2008,0.0
Timo Glock,2008,25.0
Sebastian Vettel,2008,35.0
Kazuki Nakajima,2008,9.0
Felipe Massa,2008,97.0
Anthony Davidson,2008,0.0
Lewis Hamilton,2008,98.0
Nico Rosberg,2008,17.0
Jarno Trulli,2008,31.0
David Coulthard,2008,8.0
Robert Kubica,2008,75.0
Adrian Sutil,2008,0.0
Jenson Button,2008,3.0
Fernando Alonso,2008,61.0
Heikki Kovalainen,2008,53.0
Sébastien Bourdais,2008,4.0
Nelson Piquet Jr.,2008,19.0
Robert Kubica,2009,17.0
Adrian Sutil,2009,5.0
Jenson Button,2009,95.0
Sébastien Bourdais,2009,2.0
Fernando Alonso,2009,26.0
Heikki Kovalainen,2009,22.0
Nelson Piquet Jr.,2009,0.0
Nico Rosberg,2009,34.5
Jarno Trulli,2009,32.5
Jaime Alguersuari,2009,0.0
Lewis Hamilton,2009,49.0
Kimi Räikkönen,2009,48.0
Sebastian Vettel,2009,84.0
Mark Webber,2009,69.5
Giancarlo Fisichella,2009,8.0
Nick Heidfeld,2009,19.0
Timo Glock,2009,24.0
Rubens Barrichello,2009,77.0
Romain Grosjean,2009,0.0
Vitantonio Liuzzi,2009,0.0
Kamui Kobayashi,2009,3.0
Kazuki Nakajima,2009,0.0
Felipe Massa,2009,22.0
Sébastien Buemi,2009,6.0
Luca Badoer,2009,0.0
Lewis Hamilton,2010,240.0
Vitaly Petrov,2010,27.0
Karun Chandhok,2010,0.0
Fernando Alonso,2010,252.0
Heikki Kovalainen,2010,0.0
Lucas di Grassi,2010,0.0
Jenson Button,2010,214.0
Sakon Yamamoto,2010,0.0
Sebastian Vettel,2010,256.0
Mark Webber,2010,242.0
Vitantonio Liuzzi,2010,21.0
Rubens Barrichello,2010,47.0
Timo Glock,2010,0.0
Kamui Kobayashi,2010,32.0
Christian Klien,2010,0.0
Nick Heidfeld,2010,6.0
Michael Schumacher,2010,72.0
Robert Kubica,2010,136.0
Adrian Sutil,2010,47.0
Nico Hülkenberg,2010,22.0
Pedro de la Rosa,2010,6.0
Nico Rosberg,2010,142.0
Jaime Alguersuari,2010,5.0
Jarno Trulli,2010,0.0
Sébastien Buemi,2010,8.0
Bruno Senna,2010,0.0
Felipe Massa,2010,144.0
Michael Schumacher,2011,76.0
Adrian Sutil,2011,42.0
Pedro de la Rosa,2011,0.0
Jenson Button,2011,270.0
Fernando Alonso,2011,257.0
Heikki Kovalainen,2011,0.0
Sergio Pérez,2011,14.0
Nico Rosberg,2011,89.0
Jarno Trulli,2011,0.0
Jaime Alguersuari,2011,26.0
Vitaly Petrov,2011,37.0
Lewis Hamilton,2011,227.0
Karun Chandhok,2011,0.0
Pastor Maldonado,2011,1.0
Rubens Barrichello,2011,4.0
Sebastian Vettel,2011,392.0
Timo Glock,2011,0.0
Nick Heidfeld,2011,34.0
Mark Webber,2011,258.0
Kamui Kobayashi,2011,30.0
Vitantonio Liuzzi,2011,0.0
Jérôme d'Ambrosio,2011,0.0
Paul di Resta,2011,27.0
Felipe Massa,2011,118.0
Narain Karthikeyan,2011,0.0
Sébastien Buemi,2011,15.0
Daniel Ricciardo,2011,0.0
Bruno Senna,2011,2.0
Heikki Kovalainen,2012,0.0
Sergio Pérez,2012,66.0
Fernando Alonso,2012,278.0
Vitaly Petrov,2012,0.0
Lewis Hamilton,2012,190.0
Nico Hülkenberg,2012,63.0
Michael Schumacher,2012,49.0
Pedro de la Rosa,2012,0.0
Narain Karthikeyan,2012,0.0
Felipe Massa,2012,122.0
Charles Pic,2012,0.0
Paul di Resta,2012,46.0
Jérôme d'Ambrosio,2012,0.0
Jenson Button,2012,188.0
Bruno Senna,2012,31.0
Daniel Ricciardo,2012,10.0
Nico Rosberg,2012,93.0
Jean-Éric Vergne,2012,16.0
Timo Glock,2012,0.0
Romain Grosjean,2012,96.0
Pastor Maldonado,2012,45.0
Kimi Räikkönen,2012,207.0
Kamui Kobayashi,2012,60.0
Mark Webber,2012,179.0
Sebastian Vettel,2012,281.0
Lewis Hamilton,2013,189.0
Fernando Alonso,2013,242.0
Sergio Pérez,2013,49.0
Esteban Gutiérrez,2013,6.0
Jules Bianchi,2013,0.0
Giedo van der Garde,2013,0.0
Heikki Kovalainen,2013,0.0
Jenson Button,2013,73.0
Kimi Räikkönen,2013,183.0
Sebastian Vettel,2013,397.0
Mark Webber,2013,199.0
Romain Grosjean,2013,132.0
Pastor Maldonado,2013,1.0
Adrian Sutil,2013,29.0
Nico Hülkenberg,2013,51.0
Jean-Éric Vergne,2013,13.0
Max Chilton,2013,0.0
Nico Rosberg,2013,171.0
Daniel Ricciardo,2013,20.0
Felipe Massa,2013,112.0
Paul di Resta,2013,48.0
Valtteri Bottas,2013,4.0
Charles Pic,2013,0.0
Jules Bianchi,2014,2.0
Esteban Gutiérrez,2014,0.0
Fernando Alonso,2014,161.0
Sergio Pérez,2014,59.0
Kevin Magnussen,2014,55.0
Lewis Hamilton,2014,384.0
Nico Hülkenberg,2014,96.0
Marcus Ericsson,2014,0.0
Adrian Sutil,2014,0.0
Will Stevens,2014,0.0
Felipe Massa,2014,134.0
Valtteri Bottas,2014,186.0
Jenson Button,2014,126.0
Daniel Ricciardo,2014,238.0
Max Chilton,2014,0.0
Jean-Éric Vergne,2014,22.0
Nico Rosberg,2014,317.0
André Lotterer,2014,0.0
Sebastian Vettel,2014,167.0
Pastor Maldonado,2014,2.0
Kimi Räikkönen,2014,55.0
Kamui Kobayashi,2014,0.0
Romain Grosjean,2014,8.0
Daniil Kvyat,2014,8.0
Sergio Pérez,2015,78.0
Felipe Nasr,2015,27.0
Fernando Alonso,2015,11.0
Lewis Hamilton,2015,381.0
Kevin Magnussen,2015,0.0
Roberto Merhi,2015,0.0
Alexander Rossi,2015,0.0
Marcus Ericsson,2015,9.0
Nico Hülkenberg,2015,58.0
Will Stevens,2015,0.0
Valtteri Bottas,2015,136.0
Felipe Massa,2015,121.0
Jenson Button,2015,16.0
Carlos Sainz,2015,18.0
Daniel Ricciardo,2015,92.0
Nico Rosberg,2015,322.0
Max Verstappen,2015,49.0
Daniil Kvyat,2015,95.0
Romain Grosjean,2015,51.0
Kimi Räikkönen,2015,150.0
Pastor Maldonado,2015,27.0
Sebastian Vettel,2015,278.0
Marcus Ericsson,2016,0.0
Pascal Wehrlein,2016,1.0
Nico Hülkenberg,2016,72.0
Jolyon Palmer,2016,1.0
Jenson Button,2016,21.0
Stoffel Vandoorne,2016,1.0
Fernando Alonso,2016,54.0
Felipe Nasr,2016,2.0
Sergio Pérez,2016,101.0
Rio Haryanto,2016,0.0
Esteban Gutiérrez,2016,0.0
Nico Rosberg,2016,385.0
Max Verstappen,2016,204.0
Lewis Hamilton,2016,380.0
Kevin Magnussen,2016,7.0
Daniil Kvyat,2016,25.0
Kimi Räikkönen,2016,186.0
Romain Grosjean,2016,29.0
Sebastian Vettel,2016,212.0
Valtteri Bottas,2016,85.0
Felipe Massa,2016,53.0
Esteban Ocon,2016,0.0
Carlos Sainz,2016,46.0
Daniel Ricciardo,2016,256.0
Max Verstappen,2017,168.0
Brendon Hartley,2017,0.0
Carlos Sainz,2017,54.0
Daniel Ricciardo,2017,200.0
Valtteri Bottas,2017,305.0
Felipe Massa,2017,43.0
Esteban Ocon,2017,87.0
Antonio Giovinazzi,2017,0.0
Paul di Resta,2017,0.0
Nico Hülkenberg,2017,43.0
Marcus Ericsson,2017,0.0
Pascal Wehrlein,2017,5.0
Kimi Räikkönen,2017,205.0
Sebastian Vettel,2017,317.0
Daniil Kvyat,2017,5.0
Romain Grosjean,2017,28.0
Lewis Hamilton,2017,363.0
Kevin Magnussen,2017,19.0
Sergio Pérez,2017,100.0
Fernando Alonso,2017,17.0
Pierre Gasly,2017,0.0
Stoffel Vandoorne,2017,13.0
Lance Stroll,2017,40.0
Jolyon Palmer,2017,8.0
Jenson Button,2017,0.0
Sebastian Vettel,2018,320.0
Kimi Räikkönen,2018,251.0
Romain Grosjean,2018,37.0
Valtteri Bottas,2018,247.0
Esteban Ocon,2018,49.0
Daniel Ricciardo,2018,170.0
Carlos Sainz,2018,53.0
Lewis Hamilton,2018,408.0
Kevin Magnussen,2018,56.0
Max Verstappen,2018,249.0
Brendon Hartley,2018,4.0
Nico Hülkenberg,2018,69.0
Marcus Ericsson,2018,9.0
Sergey Sirotkin,2018,1.0
Stoffel Vandoorne,2018,12.0
Charles Leclerc,2018,39.0
Lance Stroll,2018,6.0
Fernando Alonso,2018,50.0
Sergio Pérez,2018,62.0
Pierre Gasly,2018,29.0
Romain Grosjean,2019,8.0
Daniil Kvyat,2019,37.0
Kimi Räikkönen,2019,43.0
Sebastian Vettel,2019,240.0
Antonio Giovinazzi,2019,14.0
Valtteri Bottas,2019,326.0
Carlos Sainz,2019,96.0
Daniel Ricciardo,2019,54.0
Lewis Hamilton,2019,413.0
Kevin Magnussen,2019,20.0
Alexander Albon,2019,92.0
Lando Norris,2019,49.0
Max Verstappen,2019,278.0
Robert Kubica,2019,1.0
George Russell,2019,0.0
Nico Hülkenberg,2019,37.0
Lance Stroll,2019,21.0
Charles Leclerc,2019,264.0
Sergio Pérez,2019,52.0
Pierre Gasly,2019,95.0
Daniel Ricciardo,2020,119.0
Carlos Sainz,2020,105.0
Max Verstappen,2020,214.0
Alexander Albon,2020,105.0
Nicholas Latifi,2020,0.0
Lando Norris,2020,97.0
Romain Grosjean,2020,2.0
Kimi Räikkönen,2020,4.0
Daniil Kvyat,2020,32.0
Sebastian Vettel,2020,33.0
Lance Stroll,2020,75.0
Charles Leclerc,2020,98.0
Antonio Giovinazzi,2020,4.0
Esteban Ocon,2020,62.0
Valtteri Bottas,2020,223.0
Pierre Gasly,2020,75.0
Sergio Pérez,2020,125.0
Jack Aitken,2020,0.0
Kevin Magnussen,2020,1.0
Lewis Hamilton,2020,347.0
Pietro Fittipaldi,2020,0.0
George Russell,2020,3.0
Nico Hülkenberg,2020,10.0
Lewis Hamilton,2021,387.5
Fernando Alonso,2021,81.0
Pierre Gasly,2021,110.0
Sergio Pérez,2021,190.0
Lance Stroll,2021,34.0
Charles Leclerc,2021,159.0
Nikita Mazepin,2021,0.0
Sebastian Vettel,2021,43.0
Kimi Räikkönen,2021,10.0
Robert Kubica,2021,0.0
George Russell,2021,16.0
Yuki Tsunoda,2021,32.0
Nicholas Latifi,2021,7.0
Mick Schumacher,2021,0.0
Lando Norris,2021,160.0
Max Verstappen,2021,395.5
Carlos Sainz,2021,164.5
Daniel Ricciardo,2021,115.0
Esteban Ocon,2021,74.0
Antonio Giovinazzi,2021,3.0
Valtteri Bottas,2021,226.0
Lance Stroll,2022,18.0
Guanyu Zhou,2022,6.0
Charles Leclerc,2022,308.0
Nico Hülkenberg,2022,0.0
Yuki Tsunoda,2022,12.0
George Russell,2022,275.0
Lewis Hamilton,2022,240.0
Kevin Magnussen,2022,25.0
Daniel Ricciardo,2022,37.0
Carlos Sainz,2022,246.0
Pierre Gasly,2022,23.0
Sergio Pérez,2022,305.0
Fernando Alonso,2022,81.0
Esteban Ocon,2022,92.0
Valtteri Bottas,2022,49.0
Nyck de Vries,2022,2.0
Sebastian Vettel,2022,37.0
Max Verstappen,2022,454.0
Nicholas Latifi,2022,2.0
Lando Norris,2022,122.0
Alexander Albon,2022,4.0
Mick Schumacher,2022,12.0
Oscar Piastri,2023,97.0
Esteban Ocon,2023,58.0
Nyck de Vries,2023,0.0
Kevin Magnussen,2023,3.0
Lewis Hamilton,2023,234.0
Lando Norris,2023,205.0
Alexander Albon,2023,27.0
Max Verstappen,2023,575.0
Nico Hülkenberg,2023,9.0
Yuki Tsunoda,2023,17.0
George Russell,2023,175.0
Charles Leclerc,2023,206.0
Guanyu Zhou,2023,6.0
Logan Sargeant,2023,1.0
Pierre Gasly,2023,62.0
Fernando Alonso,2023,206.0
Lance Stroll,2023,74.0
Liam Lawson,2023,2.0
Valtteri Bottas,2023,10.0
Carlos Sainz,2023,200.0
Daniel Ricciardo,2023,6.0
Sergio Pérez,2023,285.0
Daniel Ricciardo,2024,12.0
Alexander Albon,2024,6.0
Lando Norris,2024,241.0
Max Verstappen,2024,303.0
Carlos Sainz,2024,184.0
Franco Colapinto ,2024,0.0
Guanyu Zhou,2024,0.0
Lance Stroll,2024,24.0
Charles Leclerc,2024,217.0
Logan Sargeant,2024,0.0
Esteban Ocon,2024,5.0
Oscar Piastri,2024,197.0
Valtteri Bottas,2024,0.0
Oliver Bearman,2024,6.0
Fernando Alonso,2024,50.0
Sergio Pérez,2024,143.0
Pierre Gasly,2024,8.0
Kevin Magnussen,2024,6.0
Lewis Hamilton,2024,164.0
Nico Hülkenberg,2024,22.0
Yuki Tsunoda,2024,22.0
George Russell,2024,128.0
